"Military expenditure by country, in constant (2014) US$ m., 1988-2015",,,,,,,,,,,,,,,,,,,,,,,,,,,,,
"Figures are in US $m., at constant 2014 prices and exchange rates, except for the last figure, which is in US$m. at 2015 prices and exchange rates",,,,,,,,,,,,,,,,,,,,,,,,,,,,,
Country,1988,1989,1990,1991,1992,1993,1994,1995,1996,1997,1998,1999,2000,2001,2002,2003,2004,2005,2006,2007,2008,2009,2010,2011,2012,2013,2014,2015,2015 Current
Algeria,615,601,642,657,1100,1183,1439,1394,1588,1909,2019,2131,2473,2707,2766,2706,3078,3223,3303,3876,4516,4905,5191,7429,7817,8646,9724,10230,10413
Libya,. .,. .,. .,. .,. .,. .,. .,. .,. .,613,692,534,572,559,719,894,1168,1151,1012,953,1440,. .,. .,. .,3124,. .,3289,. .,. .
Morocco,1816,1963,1928,2025,2009,2119,2176,2004,1998,2093,2118,1795,1358,2457,2338,2476,2407,2498,2521,2597,2896,3093,3310,3334,3574,4083,4049,3740,3268
Tunisia,354,365,336,343,345,359,371,377,434,429,437,433,452,470,465,484,493,530,553,508,549,567,582,692,696,763,922,1078,980
Sub-Saharan,,,,,,,,,,,,,,,,,,,,,,,,,,,,,
Angola,311,399,347,208,182,2911,. .,1364,1022,1638,505,6456,2991,1802,1847,2439,2322,3290,3864,3389,4588,4464,4777,4473,4694,6411,6842,3994,3601
Benin,69.3,57.4,55.7,. .,. .,. .,. .,. .,. .,. .,. .,34.6,31.2,27.9,51.4,56.1,61.1,61.9,61.9,. .,67.1,. .,. .,. .,80.7,85,93,108,90.9
Botswana,188,204,257,275,256,268,246,224,207,239,292,278,307,376,401,387,358,324,319,352,377,363,340,335,313,292,379,436,402
Burkina Faso,74.2,93.3,101,84.5,82.7,74.9,58.7,59.8,58.2,67.4,66.4,74,75.4,74.3,79.7,77.8,91.9,97,92.4,126,115,129,133,138,153,159,204,. .,. .
Burundi,53,59.3,62.5,64,65.8,65.1,68.1,56.7,65.7,70.9,76.1,79.7,68.6,91,87.3,88.6,86.4,82.5,68.9,69.3,57.9,. .,. .,. .,62,63.9,62.2,62.6,66.4
Cameroon,217,225,233,238,231,233,190,189,191,212,240,259,251,250,271,291,310,306,332,348,361,366,391,355,380,400,402,415,354
Cape Verde,11.5,. .,. .,. .,5.8,5,6.2,9.7,6.7,6.7,7.5,8.4,13.5,9.2,8.3,8.8,9.1,9.9,9.2,9.2,10.9,8.9,9,9.7,10.2,9.8,10,10.6,8.9
Central African Rep.,. .,. .,. .,30.9,31.5,28.7,25.2,23.1,21.4,. .,. .,. .,. .,. .,23.7,26.7,24.9,24.6,. .,25.8,36.4,42.3,62.7,. .,. .,. .,. .,. .,. .
Chad,115,92.8,48.6,. .,48.6,63,49.3,36.7,41.8,30.3,28.4,42,47.6,53.5,63.3,64.2,76.1,77.3,285,501,667,773,690,676,. .,738,392,253,221
Congo,. .,. .,. .,. .,226,201,. .,. .,. .,. .,. .,. .,. .,128,152,169,198,156,182,216,232,. .,244,. .,. .,367,705,. .,. .
"Congo, Dem. Rep.",168,52.9,37.4,34.4,65.6,201,. .,. .,84.3,69.4,20.9,76.1,59.9,. .,. .,96.5,160,188,204,192,138,149,234,267,339,376,341,487,491
Cote d'Ivoire,203,218,208,213,208,207,182,. .,175,175,. .,. .,. .,. .,. .,329,348,333,345,375,376,447,425,356,434,432,521,548,465
Djibouti,71.4,70.3,67.7,65.8,67.1,60.6,58.2,53.5,42.8,45.2,44.5,44.8,42.7,42,53.2,65.6,56.9,66.2,70.7,46.9,44.1,. .,. .,. .,. .,. .,. .,. .,. .
Equatorial Guinea,. .,. .,. .,. .,. .,. .,8.8,9.6,. .,. .,. .,. .,. .,. .,. .,. .,. .,. .,. .,288,377,482,. .,. .,. .,. .,167,. .,. .
Eritrea,xxx,xxx,xxx,xxx,xxx,607,436,684,780,492,1373,1455,1211,896,857,836,. .,. .,. .,. .,. .,. .,. .,. .,. .,. .,. .,. .,. .
Ethiopia,752,886,846,420,248,275,253,214,249,457,978,1551,1399,889,732,602,653,638,576,528,422,418,422,407,383,382,394,405,423
Gabon,. .,. .,. .,. .,. .,. .,. .,. .,. .,. .,. .,. .,176,175,175,163,171,155,172,. .,. .,. .,294,274,302,295,208,203,170
Gambia,1.5,2,2.4,2.8,2.3,1.6,1.5,1.7,2.4,2.6,2.6,2.3,2.4,2.1,2.3,2.5,2.2,3.1,2.8,3.8,12.3,5.8,. .,. .,9.6,9.5,14.6,13.3,12.5
Ghana,18.4,19.5,20.9,30,32.6,38.1,41.4,42.3,35.6,35.7,44.4,47.1,65.9,41.5,45.7,56.8,55.4,55.2,59.4,91.1,79.7,92.7,88,164,256,189,178,194,180
Guinea,. .,. .,. .,98.6,78.5,61.3,62.7,. .,. .,61.4,67,88.1,86.5,175,192,149,138,. .,. .,. .,. .,. .,. .,. .,207,208,255,. .,. .
Guinea-Bissau,. .,7.8,. .,. .,. .,. .,4.1,4.4,3.6,3.4,5,. .,18.7,12.1,11.5,11.7,. .,16.4,. .,. .,. .,14.4,18.4,17,25.2,21.4,21.5,22,18.6
Kenya,1103,1024,1044,813,608,508,423,486,567,539,508,494,531,611,657,664,655,691,683,765,730,745,790,807,913,901,819,1002,954
Lesotho,30,40.2,38,31.8,30.4,28.2,33,41,36.7,36.7,39.4,49.6,47.6,50,38.2,36,33.6,34.2,36,39.2,28.5,47.2,58.7,45.6,44.5,44.9,47.7,48.8,43.1
Liberia,. .,. .,. .,. .,. .,. .,. .,. .,. .,. .,. .,. .,. .,. .,. .,. .,5.1,12.1,5.6,4.7,4.6,8.6,9.9,14.4,15.7,15.3,14.4,12.9,13.5
Madagascar,74.2,71.3,74.6,77.2,45.6,69.6,58.5,53.8,77.8,99.2,95.9,89.9,90.8,114,90.4,104,104,93,89.7,108,114,82.1,64.4,72.1,70,69.7,69.7,69.4,61
Malawi,15.1,16.3,15.4,13.7,15.2,15.4,15,9.3,12.3,15.9,12.7,12.4,10.5,11.2,12.1,12.5,20.9,34.3,28.1,29,35.4,43.4,36.6,37.4,46,73.2,53.9,41.2,41.9
Mali,59.8,61.5,59.1,. .,. .,55.1,58.9,63.2,59.4,69.1,68.4,77.2,89.5,90,89.6,102,111,117,127,132,146,152,160,163,154,155,218,361,309
Mauritania,53.9,47.6,44.8,42.3,40.8,39.6,38.1,40.7,48.7,56.5,40,53.3,69.8,97.6,69.9,111,114,96.4,113,. .,131,131,. .,. .,156,154,150,143,135
Mauritius,10.4,14.2,17.7,19.9,20.6,19.9,20.8,21.5,20.1,16.7,15.3,16.1,16.7,16.8,17.2,17.7,16.7,17,16.7,16.3,18.1,19.4,17.7,18.2,17.5,24,32.9,. .,. .
Mozambique,95.1,119,108,107,107,115,135,60,54.5,60.5,71.9,86.3,89.3,102,105,104,114,87.2,78.3,88,91.5,101,130,121,135,155,174,180,148
Namibia,xxx,xxx,. .,231,169,100,78.5,86.5,91.9,113,120,162,146,172,170,168,178,197,207,231,290,306,334,352,347,365,546,622,554
Niger,. .,. .,. .,. .,. .,. .,33.2,28.5,26.2,28.9,35.6,40.6,38.9,47.6,36.7,37.1,43.2,41.5,. .,. .,51.7,53.6,70.3,81.7,73.1,. .,. .,. .,. .
Nigeria,750,510,841,807,694,938,658,758,643,692,883,1495,1154,1644,2481,1527,1488,1314,1369,1590,2234,2343,2750,3062,2697,2593,2358,2298,2071
Rwanda,41.7,49.2,113,156,128,124,42.4,71.5,102,93.5,103,105,89.1,90.9,85.9,80,69.8,67.5,74.4,68.9,72.6,78.9,78.3,77.2,78.7,79.2,90.9,97,92.9
Senegal,122,123,124,122,114,134,110,112,110,109,116,125,114,126,127,138,138,157,182,204,203,217,205,222,202,234,240,255,215
Seychelles,16.7,18.5,19.2,20.8,24.1,15.2,13.4,12.3,11.8,12.9,12.1,12.2,11.4,11.8,11.7,11.7,14.9,13.6,13.4,16.3,12.3,10.5,7.9,9.6,11.3,13.2,34.4,18.1,18.2
Sierra Leone,13.9,25.4,26.2,47.2,55.4,45.1,42.6,41.1,30.3,14.4,. .,. .,41.7,49.5,49.2,53.7,43.6,42.7,47.6,44.6,31.5,36.6,35,33.5,34.6,33.3,49.9,36,42.2
Somalia,. .,. .,. .,. .,. .,. .,. .,. .,. .,. .,. .,. .,. .,. .,. .,. .,. .,. .,. .,. .,. .,. .,. .,. .,. .,. .,. .,. .,. .
South Africa,6138,6054,5452,4479,3855,3563,3799,3380,2937,2700,2393,2293,2691,3009,3307,3268,3314,3631,3632,3548,3476,3639,3516,3643,3810,3897,3893,3881,3460
South Sudan,xxx,xxx,xxx,xxx,xxx,xxx,xxx,xxx,xxx,xxx,xxx,xxx,xxx,xxx,xxx,xxx,xxx,xxx,1009,925,1279,912,964,1309,908,945,1298,968,1366
Sudan,1017,. .,1178,945,818,933,690,504,357,282,817,1464,1886,1195,1402,1060,3012,2461,2701,. .,. .,. .,. .,. .,. .,. .,. .,. .,. .
Swaziland,14,15.1,21.4,23.6,29.7,34.3,35.7,36.2,37.1,35.9,40,41.9,40.1,37.7,38.5,44.8,49.5,64.7,64.4,65.6,73.5,79.9,88.8,86.8,76.5,80.9,81.4,82.1,73.5
Tanzania,225,218,181,196,196,129,120,156,153,164,178,177,189,220,215,195,199,215,235,246,250,278,361,388,394,455,496,585,517
Togo,71.9,75.5,77.3,72.2,71.5,78.9,56.3,52.8,. .,. .,. .,. .,. .,. .,. .,46.5,46.3,45.4,. .,. .,58.9,58.1,61.7,58.9,66.3,72.5,83.1,82.1,70
Uganda,197,178,181,176,116,119,147,166,179,176,224,256,248,250,268,289,330,331,320,328,361,355,759,739,373,311,326,340,288
Zambia,325,470,414,277,314,153,179,151,101,101,. .,151,. .,. .,. .,. .,197,221,241,273,272,257,286,300,334,361,444,487,372
Zimbabwe,157,164,165,171,139,117,119,110,115,124,169,168,212,279,1005,316,195,146,135,. .,. .,. .,107,209,323,356,368,383,377
Americas,,,,,,,,,,,,,,,,,,,,,,,,,,,,,
Central America and the Caribbean,,,,,,,,,,,,,,,,,,,,,,,,,,,,,
Belize,. .,7.3,7.7,7.3,8,9.1,11.5,11.4,10.6,12.3,. .,. .,9.5,9.8,10.1,10.7,11.5,12.6,13.8,15.2,19.4,18.1,15.2,15.9,15.5,17.9,17.8,19.6,19.6
Costa Rica,0,0,0,0,0,0,0,0,0,0,0,0,0,0,0,0,0,0,0,0,0,0,0,0,0,0,0,0,0
Cuba,. .,. .,. .,. .,. .,. .,. .,. .,. .,. .,. .,. .,. .,. .,. .,. .,. .,99.1,93.8,98.7,99.3,105,111,99.9,133,122,126,. .,. .
Dominican Rep.,145,121,96.3,69.1,124,178,180,138,168,226,244,265,355,417,386,288,255,316,304,305,350,344,369,343,386,379,438,453,443
El Salvador,504,510,433,392,340,259,221,206,186,180,173,179,168,221,233,179,173,171,176,196,192,209,219,229,229,240,234,226,223
Guatemala,433,433,425,323,389,356,374,361,302,283,296,287,364,428,317,344,206,165,192,189,205,192,210,223,245,262,246,264,274
Haiti,8.4,8.9,8.8,9.1,8.2,7.8,6.4,7.8,0,0,0,0,0,0,0,0,0,0,0,0,0,0,0,0,0,0,0,0,0
Honduras,243,231,188,128,. .,111,. .,. .,. .,. .,. .,. .,99.2,113,113,143,102,100,115,137,170,190,197,218,226,302,328,330,324
Jamaica,78.5,95.1,92,84.8,134,113,85,77.7,76.9,87.8,72.4,69.2,68,72.4,87.3,91,84.4,81,96.4,107,144,139,124,131,130,126,121,119,118
Mexico,2524,2675,2777,2928,3250,3469,4361,3643,3867,3875,3997,4205,4340,4295,4154,4141,3989,4287,4665,5267,5273,5977,6517,6799,7466,7833,8663,8976,7738
Nicaragua,. .,. .,101,83.9,56.2,47.4,48.1,48.2,43.4,42.7,36.7,37.8,43.4,39.5,50.1,51.1,45.9,46,48.4,48.4,45.8,45.4,47.9,54.1,72.3,75.3,81.4,71.4,71.6
Panama,180,178,126,134,132,159,167,158,163,188,165,174,0,0,0,0,0,0,0,0,0,0,0,0,0,0,0,0,0
Trinidad & Tobago,. .,. .,. .,. .,. .,65.6,71.3,. .,. .,. .,. .,. .,. .,32.1,43.2,72.6,158,190,208,208,206,193,182,177,188,224,195,234,255
North America,,,,,,,,,,,,,,,,,,,,,,,,,,,,,
Canada,19352,19254,19236,17766,17569,17525,17271,16278,14948,13775,14251,14866,14623,15011,15087,15364,15946,16647,17421,18994,20469,21404,19332,19985,19004,17567,17854,17210,15031
USA,586731,580705,554742,487221,514822,487764,460072,433220,409656,407537,398332,399314,414768,418135,469486,534351,582400,610176,619653,635921,682967,737747,757992,748646,706082,650081,609914,595472,596024
South America,,,,,,,,,,,,,,,,,,,,,,,,,,,,,
Argentina,3642,2960,2010,2017,1910,1802,1929,1890,1677,1649,1663,1714,1632,1608,1370,1411,1452,1526,1573,1821,2068,2455,2713,3048,3443,4218,4979,5342,5475
Bolivia,208,226,307,299,286,224,275,272,267,323,400,319,318,356,333,372,359,347,351,390,466,462,427,474,559,597,626,513,535
Brazil,18792,19777,16487,13353,10512,14444,17196,19334,17980,17857,19194,19662,21298,24670,24999,19943,20721,22421,23216,25038,26639,29047,32257,31245,31846,32020,32660,31954,24584
Chile,2420,2228,2106,1993,2019,2205,2336,2541,2562,2734,2844,2943,3094,3164,3149,3157,3755,4030,4589,4595,4854,4247,4770,5057,4970,5139,5127,5071,4615
Colombia,2496,2544,2661,2634,3008,3875,4048,4726,7325,4710,5626,5986,6076,6682,7016,7370,7867,8009,8468,8984,10619,11155,11070,10305,11029,12009,11846,12945,9871
Ecuador,548,520,546,517,496,560,530,822,725,829,913,698,680,713,834,1130,1057,1387,1340,1807,2094,2358,2447,2744,2756,2904,2922,2592,2697
Guyana,14.9,11.7,6.2,4.9,7.7,8.8,10.5,10,9,. .,. .,. .,21.4,24.5,27.4,25.8,34.2,26.9,26.2,30.7,35,34.6,33.9,33.7,34.2,35.3,39.3,44.7,45.2
Paraguay,156,226,224,314,307,230,230,261,238,287,268,240,233,211,204,182,216,193,219,224,226,250,278,317,363,401,432,522,462
Peru,3208,2222,1860.6,1348,1624,1845,1912,2247,2167,1830,1817,1762,1611,1573,1462,1501,1470,1742,1797,1694,1696,2110,2214,2162,2345,2907,2929,3303,3040
Uruguay,995,1094,1069,747,908,876,833,858,922,911,908,933,930,914,841,752,729,745,770,740,843,931,939,894,935,1025,852,1044,963
Venezuela,6127,8648,5130,6174,5708,7122,5224,5017,3623,5943,4618,4012,4922,4975,3654,3558,5044,6814,8989,7504,8381,6130,4811,4495,7730,8293,5577,2032,5265
Asia & Oceania,,,,,,,,,,,,,,,,,,,,,,,,,,,,,
Central Asia,,,,,,,,,,,,,,,,,,,,,,,,,,,,,
Kazakhstan,xxx,xxx,xxx,xxx,. .,574,368,379,409,383,380,318,333,489,536,635,726,915,1071,1611,1529,1443,1589,1752,2047,2311,2306,2214,1902
Kyrgyzstan,xxx,xxx,xxx,xxx,88.8,50.4,68.1,85.3,80.9,89.6,77.4,78.5,98.2,84.6,98.2,112,120,133,146,159,161,176,217,213,213,228,252,261,236
Tajikistan,xxx,xxx,xxx,xxx,49.1,175,55.5,16,17.2,24.6,28.2,23.6,20.4,20.3,43.1,55.8,65.5,. .,. .,. .,54.8,56.3,63.2,78.6,81.6,. .,104,. .,. .
Turkmenistan,xxx,xxx,xxx,xxx,. .,. .,93.4,83.3,80.2,121,103,111,. .,. .,. .,. .,. .,. .,. .,. .,. .,. .,. .,. .,. .,. .,. .,. .,. .
Uzbekistan,xxx,xxx,xxx,xxx,. .,. .,55.1,46.1,61.6,71.6,. .,109,94.1,81.1,69,73.7,. .,. .,. .,. .,. .,. .,. .,. .,. .,. .,. .,. .,. .
East Asia,,,,,,,,,,,,,,,,,,,,,,,,,,,,,
"China, P.R.",. .,20212,22025,23398,28426,26222,25256,26213,27837,29858,32715,39800,43230,52179,60642,65496,72415,79809,92586,103716,113527,137401,144383,155898,169321,182930,199651,214485,214787
Japan,39104,40797,42794,43875,44535,44355,44340,45074,45896,46279,46331,46084,46315,47156,47576,47435,47245,47155,46558,45954,45515,46364,46527,47161,46584,46380,45867,46346,40885
"Korea, North",. .,. .,. .,. .,. .,. .,. .,. .,. .,. .,. .,. .,. .,. .,. .,. .,. .,. .,. .,. .,. .,. .,. .,. .,. .,. .,. .,. .,. .
"Korea, South",15092,16050,16637,17091,18142,18979,19528,21347,21648,22179,21404,20831,22111,22743,23370,24165,25226,27283,28266,29546,31479,33458,33730,34201,35070,36175,37286,38640,36435
Mongolia,. .,. .,141,95.8,42.3,40.2,35,49.3,41.7,38,39.4,40.3,51.3,46.9,51.3,48.5,52.9,51.2,62.7,82.4,77.4,50.7,63.3,85.6,108,101,105,103,102
Taiwan,9943,10905,11505,11839,11968,13568,13404,12421,12814,12760,11936,11915,10474,10284,9946,9851,9868,9494,9108,9638,9814,10570,9990,10085,10440,9860,10240,10310,9803
South Asia,,,,,,,,,,,,,,,,,,,,,,,,,,,,,
Afghanistan,. .,. .,. .,. .,. .,. .,. .,. .,. .,. .,. .,. .,. .,. .,. .,. .,220,198,200,308,260,297,322,321,239,220,268,217,199
Bangladesh,641,701,697,710,817,887,995,1023,1069,1137,1154,1196,1248,1247,1210,1214,1237,1254,1350,1420,1403,1637,1972,2103,2212,2204,2374,2518,2669
India,17866,18826,18544,17315,16548,18690,18773,19336,19687,21793,22737,26424,27266,28215,28128,28756,33403,35548,35718,36151,41003,48277,48470,48940,48766,48406,50914,51116,51257
Nepal,61,66.5,69.2,71,73.8,76.9,76.4,75.6,75.2,79.7,80.8,87.4,96.1,124,165,184,220,244,229,213,225,252,265,274,260,285,313,300,312
Pakistan,4526,4539,4791,5128,5453,5425,5269,5360,5359,5131,5131,5182,5193,5555,5974,6384,6646,6917,7032,7081,6676,6879,7134,7520,7975,8238,8655,9248,9510
Sri Lanka,478,369,502,685,768,823,955,1608,1503,1333,1398,1259,1684,1406,1163,1046,1166,1079,1246,1525,1746,1804,1681,1762,1577,1720,2022,1861,1819
South-East Asia,,,,,,,,,,,,,,,,,,,,,,,,,,,,,
Brunei,386,385,435,433,414,366,378,361,405,471,425,380,359,331,352,367,289,351,395,409,422,414,432,415,406,406,528,460,424
Cambodia,2.6,4.7,11,25.5,57.1,82.1,181,201,186,176,157,162,152,136,121,126,125,123,124,119,99.5,169,202,213,232,252,278,. .,. .
Indonesia,2174,2229,2464,2506,2699,2591,2863,3013,3372,4432,2899,2203,2265,2014,2435,3279,3660,3179,3228,3882,3621,3784,4444,5095,5850,7865,6929,8071,7641
Laos,. .,. .,. .,. .,251,248,251,210,161,148,101,43.8,34.7,33.5,30.9,27.1,25.6,25.1,25.1,25.1,23.3,19.5,19.6,21.9,22.4,23.1,. .,. .,. .
Malaysia,1406,1685,1809,2463,2447,2601,2818,2996,2881,2708,1990,2692,2444,3041,3456,4406,4252,4549,4451,4970,5082,4798,4191,4697,4480,4881,4919,5300,4549
Myanmar,242,430,511,443,514,591,628,668,713,593,489,484,653,585,426,634,708,716,. .,. .,. .,. .,. .,. .,2969,3269,3276,3187,2193
Philippines,2258,2125,2111,1920,1938,2099,2199,2447,2565,2291,2262,2233,2360,2226,2343,2611,2460,2507,2592,2839,2840,2731,2869,2916,2957,3362,3103,3893,3870
Singapore,3211,3556,4081,4222,4488,4631,4786,5733,6280,7047,7981,8130,7863,8051,8488,8572,8734,9278,9356,9718,9794,10120,9928,9574,9355,9323,9668,10213,9417
Thailand,3517,3637,3904,4322,4709,4842,5238,5227,5142,4994,3942,3503,3345,3343,3374,3339,3109,3161,3502,4502,5223,5826,5390,5551,5472,5688,5730,6101,5737
Timor Leste,xxx,xxx,xxx,xxx,xxx,xxx,xxx,xxx,xxx,xxx,xxx,xxx,xxx,xxx,. .,. .,. .,15.7,31.3,39.4,36,55.2,37.4,25.6,37.3,31.8,29.6,36.6,37
Viet Nam,1238,1634,1948,1386,874,685,934,. .,. .,. .,. .,. .,. .,. .,. .,1727,1768,1845,2172,2800,2759,3030,3378,3154,3672,3840,4256,4581,4571
Oceania,,,,,,,,,,,,,,,,,,,,,,,,,,,,,
Australia,14346,14225,14296,14539,14963,15531,15704,15212,15026,15292,16041,16829,16780,17449,18195,18527,19291,19969,21040,22331,23145,24877,25184,24835,23965,23757,25784,27793,23588
Fiji,49.4,56.9,55.1,54.9,50.1,51.2,50.7,49.2,45.1,42.3,40.2,41.1,59.2,62.2,55.8,56,62.5,54.9,68.8,85.3,55.6,63.2,58.8,61.8,58.1,57,43.3,53.2,49.2
New Zealand,2273,2350,2448,2307,2158,2109,2137,2178,2195,2151,2154,2175,2176,2129,2049,2111,2051,2027,2242,2263,2206,2375,2394,2253,2193,2178,2276,2447,2061
Papua New Guinea,103,112,150,107.3,116,131,160,117,151,160,127,98.2,86.6,72.4,50.2,45.4,50.9,60,59.4,71.6,59,74.5,61.7,71.4,103,101,112,106,100
Europe,,,,,,,,,,,,,,,,,,,,,,,,,,,,,
Central Europe,,,,,,,,,,,,,,,,,,,,,,,,,,,,,
Albania,. .,265,272,193,147,135,129,120,108,75.2,71.1,82.4,91.1,104,103,116,127,132,162,200,236,186,200,199,195,183,178,155,132
Bosnia-Herzegovina,xxx,xxx,xxx,xxx,. .,. .,. .,. .,. .,. .,. .,. .,. .,. .,438,305,273,228,219,216,225,248,231,204,202,196,190,193,162
Bulgaria,. .,4414,3566,1930,1459,1102,944,930,763,712,824,934,963,1066,1076,1096,1072,1096,1087,1263,1058,1005,956,810,829,886,836,797,661
Croatia,xxx,xxx,xxx,xxx,2211,2807,3155,3356,3145,3173,2446,1908,1352,1252,1355,1097,996,1040,1050,1081,1242,1131,1048,1085,992,948,907,904,755
Czech Rep.,xxx,xxx,xxx,xxx,xxx,2626,2712,2601,2579,2440,2650,2874,2963,2850,3045,3308,3174,3470,3206,3092,2636,2713,2463,2218,2060,1971,2023,2099,1778
Czechoslovakia,7547,11147,9724,6378,6470,xxx,xxx,xxx,xxx,xxx,xxx,xxx,xxx,xxx,xxx,xxx,xxx,xxx,xxx,xxx,xxx,xxx,xxx,xxx,xxx,xxx,xxx,xxx,xxx
Estonia,xxx,xxx,xxx,xxx,55.5,74.7,95.1,94.2,91.6,122,129,161,190,222,265,306,323,402,452,548,528,478,372,396,463,478,512,546,457
German DR,11798,12076,xxx,xxx,xxx,xxx,xxx,xxx,xxx,xxx,xxx,xxx,xxx,xxx,xxx,xxx,xxx,xxx,xxx,xxx,xxx,xxx,xxx,xxx,xxx,xxx,xxx,xxx,xxx
Hungary,4018,3184,2755,2069,1999,1722,1705,1284,1208,1485,1327,1516,1674,1838,2007,2166,2005,1985,1780,1813,1685,1502,1347,1365,1299,1228,1210,1225,1023
Kosovo,xxx,xxx,xxx,xxx,xxx,xxx,xxx,xxx,xxx,xxx,xxx,xxx,xxx,xxx,xxx,xxx,xxx,xxx,xxx,xxx,1,30.2,43.4,50.9,45.8,48.8,53.6,60.1,50
Latvia,xxx,xxx,xxx,xxx,. .,97,114,110,85.8,83.1,89.5,116,145,183,298,344,372,432,544,593,581,369,279,289,266,285,299,341,286
Lithuania,xxx,xxx,xxx,xxx,. .,176,95.2,99.1,110,181,315,241,315,369,368,360,415,453,501,546,563,425,355,343,343,355,427,566,471
"Macedonia, FYR",xxx,xxx,xxx,xxx,. .,. .,. .,. .,168,132,136,121,138,439,191,174,183,171,163,188,173,168,143,134,126,126,123,128,107
Montenegro,xxx,xxx,xxx,xxx,xxx,xxx,xxx,xxx,xxx,xxx,xxx,xxx,xxx,xxx,xxx,xxx,xxx,86.3,85.2,77.1,87.8,80.6,82.2,80.1,71,70.1,69.1,76.3,64.9
Poland,8646,7025,7297,5138,4978,5456,5447,5481,5767,6310,6546,6437,6248,6438,6549,6808,7117,7608,8101,9158,8315,8768,9175,9302,9383,9304,10345,12603,10460
Romania,9592,10214,4499,4666,3650,2204,2628,2562,2490,2792,2536,2288,2178,2285,2272,2344,2520,2666,2748,2635,2904,2469,2274,2353,2289,2463,2691,2980,2481
Serbia,xxx,xxx,xxx,xxx,. .,. .,. .,. .,1160,1288,1179,1105,1599,1273,1408,1234,1140,955,964,1087,1054,1037,1006,966,934,904,913,877,724
Slovak Rep.,xxx,xxx,xxx,xxx,xxx,1118,1154,2043,2030,1634,1277,1116,1160,1306,1324,1404,1304,1413,1434,1450,1486,1420,1243,1067,1067,966,998,1164,973
Slovenia,xxx,xxx,xxx,xxx,549.3,471,458,522,536,514,513,483,439,539,598,623,660,673,771,776,822,828,824,665,572,507,486,489,407
Yugoslavia (former),. .,. .,. .,. .,xxx,xxx,xxx,xxx,xxx,xxx,xxx,xxx,xxx,xxx,xxx,xxx,xxx,xxx,xxx,xxx,xxx,xxx,xxx,xxx,xxx,xxx,xxx,xxx,xxx
Eastern Europe,,,,,,,,,,,,,,,,,,,,,,,,,,,,,
Armenia,xxx,xxx,xxx,xxx,152,56,. .,138,119,152,150,161,163,159,157,181,199,244,288,338,392,409,427,391,401,451,458,493,447
Azerbaijan,xxx,xxx,xxx,xxx,450,473,239,198,174,200,228,298,316,357,385,480,581,680,1398,1519,2045,1804,1709,3252,3376,3414,3427,3702,3021
Belarus,xxx,xxx,xxx,xxx,349,495,498,196,151,247,231,231,256,318,331,335,405,527,685,747,765,678,762,819,931,996,1011,979,724
Georgia,xxx,xxx,xxx,xxx,. .,. .,. .,. .,139,86.7,83.7,64.5,44,55.8,79.8,93.4,130,346,588,1165,1106,675,505,455,472,396,416,405,327
Moldova,xxx,xxx,xxx,xxx,. .,32,28.3,35.7,34.1,34.7,22.8,18.1,13.9,15.3,18,19.6,17.5,20.4,25.9,29.5,36.2,26.2,20,22.1,22.7,25.2,27.6,28.5,23.1
USSR/Russia,343617,318616,269545,. .,57641,50389,47635,31342,29596,32355,19243,21370,28838,31171,34530,36200,37847,43010,47601,51814,56933,59730,60940,65040,75364,79030,84697,91081,66421
Ukraine,xxx,xxx,xxx,xxx,. .,348,1530,1645,1585,1964,1588,1463,1814,1532,1629,1882,2032,2461,2760,3355,3282,3006,3024,2779,3111,3309,4033,4438,3622
Western Europe,,,,,,,,,,,,,,,,,,,,,,,,,,,,,
Austria,3609,3571,3611,3628,3522,3556,3572,3540,3508,3516,3525,3598,3683,3431,3371,3511,3517,3441,3305,3930,3809,3557,3536,3456,3411,3278,3305,3006,2537
Belgium,8590,8457,8297,8180,6717,6378,6343,6214,6097,6020,6018,6097,6096,5828,5651,5712,5594,5390,5348,5771,6291,5926,5675,5476,5415,5244,5192,4953,4168
Cyprus,546,561,835,819,1122,504,530,475,713,904,807,499,533,629,430,416,432,470,461,437,439,479,497,461,421,379,358,427,354
Denmark,4830,4710,4714,4799,4711,4724,4605,4556,4571,4629,4680,4652,4500,4778,4720,4582,4608,4391,4801,4630,4808,4520,4813,4486,4626,4243,4057,4130,3463
Finland,2746,2739,2788,2911,2964,2881,2833,2549,2823,3036,3102,2703,2848,2715,2768,3215,3409,3499,3562,3356,3613,3793,3713,3772,3814,3823,3599,3563,2979
France,69001,69847,69538,69991,67789,67038,67382,64047,62510,62725,61091,61607,60897,60711,61963,63826,65573,64235,64525,64773,64124,68451,65322,63725,62844,62686,63614,60747,50860
Germany,69498,69308,73042,67596,64288,57793,53898,53011,51977,50087,50248,51272,50448,49619,49753,49073,47570,46830,45749,45789,47104,48885,49418,48004,49149,46312,46103,47046,39393
Greece,7159,6713,6787,6437,6689,6529,6641,6784,7190,7661,8349,8741,9224,9021,8849,7581,8335,9013,9371,9363,10409,10913,8387,6752,5972,5577,5531,6104,5083
Iceland,. .,. .,. .,. .,. .,. .,. .,. .,. .,. .,. .,. .,. .,. .,. .,. .,. .,. .,. .,. .,. .,29.1,24.1,21.6,19.8,. .,. .,. .,. .
Ireland,928,917,1041,1090,1079,1087,1112,1121,1181,1253,1263,1307,1341,1455,1397,1339,1360,1377,1366,1376,1425,1407,1341,1271,1204,1197,1191,1188,995
Italy,37955,38254,36794,37313,36240,36434,35533,32452,35770,37506,38744,40263,42956,42250,43406,43758,43897,42227,40867,39600,41049,39897,38772,38047,35342,33948,31571,28460,23840
Luxembourg,188,172,179,198,206,188,207,202,209,225,242,245,251,314,280,296,311,315,308,320,239,237,298,258,251,260,279,362,303
Malta,42.9,42.6,37.5,38.2,45.5,48.4,52,51.9,55.6,54,49.5,47.9,46.6,49.7,49.1,50.7,53.5,67.5,54.8,54.9,56.3,61.3,62.9,55.6,52.4,53.9,56.5,66.1,55.9
Netherlands,13968,14100,13703,13321,13245,12172,11738,11404,11470,11350,11309,11860,11393,11692,11679,11846,11935,11957,12514,12682,12463,12732,12196,11786,11075,10317,10333,10476,8873
Norway,5325,5466,5511,5344,5791,5397,5674,5125,5195,5108,5446,5475,5293,5328,6402,6156,6311,5938,5927,6304,6339,6727,6624,6747,6870,7028,7334,7377,5898
Portugal,3571,3748,3853,3972,4078,3948,3841,4125,3977,4064,3974,4182,4307,4480,4605,4443,4719,5002,4859,4651,4669,5106,5036,4810,4272,4707,4112,4380,3684
Spain,19444,19340,19618,18854,18392,17921,18106,18250,17674,17501,18367,20184,20860,20629,19121,19406,20285,20537,21210,21998,21877,21001,21138,19499,19721,17205,17051,16929,14104
Sweden,7791,7883,8031,7565,7351,7329,7313,7330,7425,7054,7255,7530,7688,7295,7101,7049,6634,6720,6616,6789,6038,5922,6409,6026,6152,6188,6556,6578,5377
Switzerland,7464,7609,8070,7791,7565,6717,6657,6735,6373,6142,6128,5671,5587,5457,5223,5087,4993,4914,4678,4707,4822,4817,4652,4777,4688,5091,4613,5065,4770
UK,64010,64574,64666,65413,61097,58306,56702,53183,52865,51200,51485,51421,52766,54901,58458,62661,63392,63922,64334,66370,69332,70679,69192,66271,63446,60766,59183,59730,55460
Middle East,,,,,,,,,,,,,,,,,,,,,,,,,,,,,
Bahrain,294,305,331,362,384,375,379,393,419,409,421,471,467,490,588,672,677,637,698,757,819,917,915,1126,1254,1385,1475,1401,1430
Egypt,4628,3731,3674,3697,3624,3517,3688,3630,3676,3763,3788,3801,4063,4904,5536,5657,5352,5342,5466,5504,5126,4975,4974,4831,4700,4662,5085,5362,5477
Iran,5653,4181,3712,3347,2905,3401,4198,4118,4541,5065,5069,5127,5645,6284,6764,7894,10201,12131,14276,13142,12629,13220,13446,12150,12639,9984,9901,9969,10265
Iraq,. .,. .,. .,. .,. .,. .,. .,. .,. .,. .,. .,. .,. .,. .,. .,. .,2090,2821,2025,3025,3778,3581,4200,6545,6305,8070,9516,12873,13121
Israel,15581,12557,13451,18479,13962,15438,14507,13460,13785,13834,13651,13367,14168,14704,16445,16839,17103,16589,17063,16407,16099,16936,16332,15950,16206,17110,18106,17512,16101
Jordan,1145,911,763,972,792,831,844,608,805,831,901,923,948,931,902,1041,965,960,1050,1466,1680,1953,1848,1812,1597,1486,1550,1613,1616
Kuwait,3894,4834,18649,24304,12318,5960,6323,6935,5898,4494,4193,4074,4756,4674,4824,5198,5595,5415,5353,5686,5235,5089,4996,5705,6178,5844,5942,. .,. .
Lebanon,269,. .,857,816,1454,1213,1521,1559,1368,1146,1105,1311,1474,1525,1419,1425,1449,1472,1462,1604,1470,1771,1894,1851,1876,1972,2270,2236,2239
Oman,2626,2636,2962,2454,2939,2758,2931,2952,2789,2886,2556,2586,3080,3583,3689,3881,4363,5259,5624,5697,5424,5076,5362,7018,12614,11807,10951,9843,9883
Qatar,2480,2073,1876,2035,. .,. .,. .,. .,. .,. .,. .,. .,. .,. .,1356,1367,1260,1331,1429,1841,2374,2098,2071,. .,. .,. .,. .,. .,. .
Saudi Arabia,22844,21586,27127,25870,24314,25769,22242,19606,19575,26583,30704,27331,30123,32083,28166,28374,31543,38008,43297,49872,48949,50299,52350,53062,60041,68810,80762,85354,87186
Syria,. .,. .,. .,. .,. .,. .,. .,. .,. .,. .,. .,. .,. .,. .,. .,. .,. .,. .,. .,. .,. .,. .,. .,. .,. .,. .,. .,. .,. .
Turkey,9163,10602,12811,13169,13852,15315,14973,15382,17221,17942,18800,20758,20089,18416,19595,17685,16140,15279,16395,15763,15939,17057,16712,16875,17244,17626,17770,17669,15275
UAE,. .,. .,. .,. .,. .,. .,. .,. .,. .,6285,7411,7662,10494,10073,9038,9551,10624,9692,9622,10224,12457,14666,18393,19980,19685,24114,22755,. .,. .
Yemen,xxx,xxx,1850,1733,1702,1473,1511,1135,1033,1325,1272,1379,1641,1744,2209,2280,1859,1911,1788,2138,2055,2351,2333,2116,1938,1783,1715,. .,. .
"Yemen, North",1132,1088,xxx,xxx,xxx,xxx,xxx,xxx,xxx,xxx,xxx,xxx,xxx,xxx,xxx,xxx,xxx,xxx,xxx,xxx,xxx,xxx,xxx,xxx,xxx,xxx,xxx,xxx,xxx
"Yemen, South",. .,. .,xxx,xxx,xxx,xxx,xxx,xxx,xxx,xxx,xxx,xxx,xxx,xxx,xxx,xxx,xxx,xxx,xxx,xxx,xxx,xxx,xxx,xxx,xxx,xxx,xxx,xxx,xxx