Zip3,StateCode,CountyID,CountyName,Latitude,LocationConfidence,Longitude,Rent50_2,pop2000
005xx,NY,103,Suffolk,40.8154,1,-73.0451,1801,1419369
010xx,MA,13,Hampden,42.26446857,0.428571429,-72.57194429,910,456228
011xx,MA,13,Hampden,42.12444545,1,-72.57087727,910,456228
012xx,MA,3,Berkshire,42.34788649,0.972972973,-73.22788378,881,134953
013xx,MA,11,Franklin,42.59362258,0.870967742,-72.57607419,897,71535
014xx,MA,27,Worcester County,42.58500385,0.576923077,-71.77028846,960,750963
015xx,MA,27,Worcester County,42.21451373,0.980392157,-71.82828235,960,750963
016xx,MA,27,Worcester County,42.27934706,1,-71.82761176,960,750963
017xx,MA,17,Middlesex County,42.35236774,0.806451613,-71.4539,1486,1465396
018xx,MA,17,Middlesex County,42.62648478,0.630434783,-71.19851304,1486,1465396
019xx,MA,9,Essex,42.60451579,1,-70.89286053,1486,723419
020xx,MA,21,Norfolk,42.15231053,0.552631579,-71.04393158,1486,650308
021xx,MA,25,Suffolk County,42.3342129,0.580645161,-71.06656935,1486,689807
022xx,MA,25,Suffolk County,42.34929,0.85,-71.02418,1486,689807
023xx,MA,23,Plymouth County,42.01319778,0.844444444,-70.88738444,1236,472822
024xx,MA,17,Middlesex County,42.35549444,0.777777778,-71.21170278,1486,1465396
025xx,MA,1,Barnstable,41.57975714,0.535714286,-70.54614643,1321,222230
026xx,MA,1,Barnstable,41.7286875,1,-70.17262,1321,222230
027xx,MA,5,Bristol,41.75785,0.886363636,-71.08069773,980,534678
028xx,RI,7,Providence,41.67425072,0.362318841,-71.52356087,980,621602
029xx,RI,7,Providence,41.81903333,1,-71.43084762,980,621602
030xx,NH,11,Hillsborough,42.88151316,0.605263158,-71.48298684,1071,380841
031xx,NH,11,Hillsborough,42.99203,0.9,-71.45928,1071,380841
032xx,NH,13,Merrimack County,43.51602031,0.328125,-71.64827656,1047,136225
033xx,NH,13,Merrimack County,43.247,1,-71.56318333,1047,136225
034xx,NH,5,Cheshire,42.9143,0.821428571,-72.20280714,1000,73825
035xx,NH,7,Coos County,44.49842381,0.761904762,-71.47819048,631,33111
036xx,NH,5,Cheshire,43.16705,0.5,-72.344475,1000,73825
037xx,NH,9,Grafton County,43.69773793,0.620689655,-72.14925172,990,81743
038xx,NH,3,Carroll County,43.3737026,0.363636364,-71.04577143,947,43666
039xx,ME,31,York,43.19412727,1,-70.71670909,877,186742
040xx,ME,5,Cumberland,43.73327922,0.467532468,-70.51177532,1031,265612
041xx,ME,5,Cumberland,43.66807333,1,-70.24728,1031,265612
042xx,ME,1,Androscoggin,44.31451333,0.4,-70.375045,761,103793
043xx,ME,11,Kennebec,44.30431538,0.769230769,-69.77459231,725,117114
044xx,ME,19,Penobscot,45.12264559,0.558823529,-68.72137647,635,144919
045xx,ME,15,Lincoln,43.94528065,0.741935484,-69.57393226,825,33616
046xx,ME,9,Hancock,44.54151746,0.571428571,-68.01283492,795,51791
047xx,ME,3,Aroostook,46.71332955,0.954545455,-68.26463864,620,73938
048xx,ME,13,Knox,44.10837,0.8,-69.107335,792,39618
049xx,ME,25,Somerset,44.75547,0.357142857,-69.65653857,655,50888
050xx,VT,27,Windsor,43.82851296,0.481481481,-72.38370556,1096,57418
051xx,VT,27,Windsor,43.2463,0.470588235,-72.61442353,1096,57418
052xx,VT,3,Bennington,43.03258182,1,-73.14054545,901,36994
053xx,VT,25,Windham,42.928076,0.88,-72.738552,952,44216
054xx,VT,7,Chittenden County,44.59573333,0.433333333,-73.04411667,1187,146571
055xx,MA,9,Essex,42.6472,1,-71.1842,1486,723419
056xx,VT,23,Washington,44.33402791,0.697674419,-72.57638372,980,58039
057xx,VT,21,Rutland,43.65757111,0.666666667,-73.05418889,908,63400
058xx,VT,19,Orleans,44.6666087,0.5,-72.12752609,775,26277
059xx,VT,9,Essex,44.74642857,1,-71.65267143,741,6459
060xx,CT,3,Hartford County,41.86035921,0.684210526,-72.79280658,1038,857183
061xx,CT,3,Hartford County,41.77709412,1,-72.70159412,1038,857183
062xx,CT,15,Windham,41.82583659,0.682926829,-72.08872927,1046,109091
063xx,CT,11,New London County,41.50034359,0.820512821,-72.03698462,1209,259088
063xx,NY,103,Suffolk,41.2639,1,-72.0178,1801,1419369
064xx,CT,9,New Haven County,41.43386719,0.390625,-72.7826125,1352,824008
065xx,CT,9,New Haven County,41.32256364,1,-72.93090909,1352,824008
066xx,CT,1,Fairfield County,41.19331429,1,-73.19337857,1581,882567
067xx,CT,5,Litchfield County,41.632716,0.58,-73.160334,1135,182193
068xx,CT,1,Fairfield County,41.21302955,1,-73.42346364,1581,882567
069xx,CT,1,Fairfield County,41.06213529,1,-73.53883529,1581,882567
070xx,NJ,13,Essex,40.75889432,0.25,-74.22868409,1394,793633
071xx,NJ,13,Essex,40.75060435,1,-74.1964,1394,793633
072xx,NJ,39,Union County,40.666875,1,-74.226125,1394,522541
073xx,NJ,17,Hudson County,40.72844545,1,-74.06818182,1377,608975
074xx,NJ,3,Bergen County,41.04476585,0.390243902,-74.30280488,1515,884118
075xx,NJ,31,Passaic,40.94095,1,-74.19646,1515,489049
076xx,NJ,3,Bergen County,40.92736667,1,-74.0197381,1515,884118
077xx,NJ,25,Monmouth,40.30966667,1,-74.10826458,1495,615301
078xx,NJ,27,Morris,40.93334107,0.392857143,-74.76277321,1394,470212
079xx,NJ,27,Morris,40.74372286,0.6,-74.51940286,1394,470212
080xx,NJ,7,Camden,39.82410989,0.296703297,-74.98616374,1075,508932
081xx,NJ,7,Camden,39.93181,1,-75.08737,1075,508932
082xx,NJ,9,Cape May,39.2639,0.567567568,-74.68334054,1184,102326
083xx,NJ,11,Cumberland,39.42769211,0.552631579,-75.02978158,1081,146438
084xx,NJ,1,Atlantic County,39.34816667,1,-74.46573333,1203,252552
085xx,NJ,21,Mercer,40.27724595,0.297297297,-74.65674054,1365,350761
086xx,NJ,21,Mercer,40.23799333,0.933333333,-74.70788667,1365,350761
087xx,NJ,29,Ocean,39.98298929,0.857142857,-74.15109286,1495,510916
088xx,NJ,23,Middlesex,40.53863881,0.432835821,-74.62871343,1420,750162
089xx,NJ,23,Middlesex,40.47975714,1,-74.44615714,1420,750162
100xx,NY,61,New York County,40.76518462,1,-73.97611731,1544,1537195
101xx,NY,61,New York County,40.76810769,1,-73.97739077,1544,1537195
102xx,NY,61,New York County,40.74134138,1,-73.99584138,1544,1537195
103xx,NY,85,Richmond,40.58679286,1,-74.14662857,1544,443728
104xx,NY,5,Bronx,40.848988,1,-73.878148,1544,1332650
105xx,NY,119,Westchester,41.19473636,0.878787879,-73.7752,1710,923459
106xx,NY,119,Westchester,41.0467125,1,-73.7654,1710,923459
107xx,NY,119,Westchester,40.94688,1,-73.85752,1710,923459
108xx,NY,119,Westchester,40.92183333,1,-73.7885,1710,923459
109xx,NY,71,Orange County,41.26319077,0.584615385,-74.16845538,1307,341367
110xx,NY,59,Nassau,40.7544,0.913043478,-73.67801304,1801,1334544
111xx,NY,81,Queens,40.7561,1,-73.930525,1544,2229379
112xx,NY,47,Kings,40.65155106,1,-73.95452553,1544,2465326
113xx,NY,81,Queens,40.74329677,1,-73.8381871,1544,2229379
114xx,NY,81,Queens,40.68597333,1,-73.80537333,1544,2229379
115xx,NY,59,Nassau,40.70596522,1,-73.63766522,1801,1334544
116xx,NY,81,Queens,40.59904286,1,-73.82092857,1544,2229379
117xx,NY,103,Suffolk,40.80304146,0.792682927,-73.24311829,1801,1419369
118xx,NY,59,Nassau,40.76985714,1,-73.52198571,1801,1334544
119xx,NY,103,Suffolk,40.92237111,1,-72.55388889,1801,1419369
120xx,NY,1,Albany,42.68548592,0.197183099,-73.93765634,928,294565
121xx,NY,83,Rensselaer,42.68753014,0.232876712,-73.92784795,928,152538
122xx,NY,1,Albany,42.658598,1,-73.763798,928,294565
123xx,NY,93,Schenectady,42.8133,1,-73.94814545,928,146555
124xx,NY,111,Ulster,42.08288193,0.56626506,-74.20542892,1220,177749
125xx,NY,27,Dutchess,41.76245811,0.472972973,-73.86716351,1307,280150
126xx,NY,27,Dutchess,41.7285,1,-73.8153,1307,280150
127xx,NY,105,Sullivan,41.69205167,0.933333333,-74.76914667,956,73966
128xx,NY,113,Warren,43.49333731,0.343283582,-73.72023582,912,63303
129xx,NY,19,Clinton,44.56605135,0.337837838,-73.91770946,844,79894
130xx,NY,67,Onondaga County,42.98501607,0.339285714,-76.18777143,790,458336
131xx,NY,75,Oswego,43.06833519,0.240740741,-76.26885741,790,122377
132xx,NY,67,Onondaga County,43.04809643,1,-76.15917857,790,458336
133xx,NY,65,Oneida,43.15380727,0.345454545,-75.22918,789,235469
134xx,NY,65,Oneida,43.111525,0.411764706,-75.27378235,789,235469
135xx,NY,65,Oneida,43.09973333,1,-75.23203333,789,235469
136xx,NY,45,Jefferson,44.29293977,0.465909091,-75.52861364,902,111738
137xx,NY,7,Broome,42.25031489,0.361702128,-75.53471489,771,200536
138xx,NY,25,Delaware,42.34052,0.2,-75.58102222,734,48055
139xx,NY,7,Broome,42.113,1,-75.8936,771,200536
140xx,NY,29,Erie,42.80046462,0.461538462,-78.63154154,759,950265
141xx,NY,29,Erie,42.81937073,0.317073171,-78.72277805,759,950265
142xx,NY,29,Erie,42.86941818,1,-78.84533636,759,950265
143xx,NY,63,Niagara,43.09664,1,-79.02746,759,219846
144xx,NY,51,Livingston,42.97265472,0.226415094,-77.6131717,840,64328
145xx,NY,117,Wayne,42.94893492,0.238095238,-77.49012381,840,93765
146xx,NY,55,Monroe,43.1981025,1,-77.636595,840,735343
147xx,NY,13,Chautauqua,42.20365942,0.449275362,-78.86778261,765,139750
148xx,NY,101,Steuben,42.31125679,0.333333333,-77.11003086,765,98726
149xx,NY,15,Chemung,42.10554,1,-76.8188,852,91070
150xx,PA,3,Allegheny County,40.468475,0.486842105,-80.06482368,712,1281666
151xx,PA,3,Allegheny County,40.42116774,1,-79.93783548,712,1281666
152xx,PA,3,Allegheny County,40.440268,1,-80.00187067,712,1281666
153xx,PA,125,Washington,40.04062982,0.596491228,-80.16255614,712,202897
154xx,PA,51,Fayette,39.95304932,0.808219178,-79.75045753,712,148644
155xx,PA,111,Somerset,39.973635,0.7,-78.88894,563,80023
156xx,PA,129,Westmoreland,40.32093636,0.922077922,-79.53429351,712,369993
157xx,PA,63,Indiana,40.72753077,0.569230769,-79.02208615,606,89605
158xx,PA,47,Elk,41.25126452,0.387096774,-78.70908065,563,35112
159xx,PA,21,Cambria,40.35586739,0.652173913,-78.85846304,592,152598
160xx,PA,19,Butler,40.93615,0.880952381,-79.8845619,712,174083
161xx,PA,85,Mercer,41.14836667,0.422222222,-80.34331778,684,120293
162xx,PA,5,Armstrong,41.016025,0.454545455,-79.38804545,585,72392
163xx,PA,123,Warren,41.57273265,0.306122449,-79.55462653,572,43863
164xx,PA,49,Erie,41.89063714,0.571428571,-80.02809143,747,280843
165xx,PA,49,Erie,42.13383846,1,-80.07215769,747,280843
166xx,PA,13,Blair,40.48408919,0.216216216,-78.34762568,646,129144
167xx,PA,83,McKean,41.80800435,0.782608696,-78.50123043,618,45936
168xx,PA,27,Centre,40.93801017,0.508474576,-77.9956678,904,135758
169xx,PA,117,Tioga,41.82859394,0.606060606,-77.2646303,598,41373
170xx,PA,75,Lebanon,40.40051196,0.195652174,-77.03432826,754,120327
171xx,PA,43,Dauphin,40.27812308,1,-76.86315769,814,251798
172xx,PA,55,Franklin County,39.99969038,0.596153846,-77.76567692,690,129313
173xx,PA,133,York County,39.9001614,0.684210526,-76.87214386,845,381751
174xx,PA,133,York County,39.9649875,1,-76.697,845,381751
175xx,PA,71,Lancaster County,40.05520333,1,-76.238145,878,470658
176xx,PA,71,Lancaster County,40.04074545,1,-76.30911818,878,470658
177xx,PA,81,Lycoming,41.287675,0.5,-77.12122955,728,120044
178xx,PA,97,Northumberland,40.88302,0.333333333,-76.80452833,563,94556
179xx,PA,107,Schuylkill,40.70758936,0.978723404,-76.27638936,574,150336
180xx,PA,95,Northampton,40.63646471,0.397058824,-75.45623971,1001,267066
181xx,PA,77,Lehigh,40.612125,1,-75.507725,1001,312090
182xx,PA,79,Luzerne,40.91432632,0.394736842,-75.94981842,672,319250
183xx,PA,89,Monroe,41.0746875,0.775,-75.23986,902,138687
184xx,PA,127,Wayne,41.5635807,0.456140351,-75.40783684,647,47722
185xx,PA,69,Lackawanna,41.407475,1,-75.664225,672,213295
186xx,PA,79,Luzerne,41.31183415,0.56097561,-76.05522927,672,319250
187xx,PA,79,Luzerne,41.25530556,1,-75.88465556,672,319250
188xx,PA,115,Susquehanna,41.82342973,0.540540541,-76.07772162,606,42238
189xx,PA,17,Bucks County,40.34974167,0.833333333,-75.17948167,1075,597635
190xx,PA,45,Delaware,40.00896163,0.546511628,-75.22210814,1075,550864
191xx,PA,101,Philadelphia County,39.99055432,0.975308642,-75.14387284,1075,1517550
192xx,PA,101,Philadelphia County,40.0018,1,-75.1179,1075,1517550
193xx,PA,29,Chester,39.92609623,0.867924528,-75.71747736,1075,433501
194xx,PA,91,Montgomery County,40.17400169,0.728813559,-75.42688983,1075,750097
195xx,PA,11,Berks,40.40905455,0.909090909,-75.88807273,870,373638
196xx,PA,11,Berks,40.34839167,1,-75.94665833,870,373638
197xx,DE,3,New Castle,39.61816296,1,-75.63681481,1075,500265
198xx,DE,3,New Castle,39.701756,1,-75.569036,1075,500265
199xx,DE,5,Sussex,38.87508636,0.522727273,-75.43593864,807,156638
200xx,DC,1,District of Columbia,38.90131972,1,-77.01998169,1506,572059
201xx,VA,107,Loudoun,38.9247075,0.425,-77.5909325,1506,169599
202xx,DC,1,District of Columbia,38.89363922,1,-77.01806078,1506,572059
203xx,DC,1,District of Columbia,38.89015,1,-77.01427857,1506,572059
204xx,DC,1,District of Columbia,38.89507755,1,-77.02179796,1506,572059
205xx,DC,1,District of Columbia,38.89532143,1,-77.02391,1506,572059
206xx,MD,37,St. Mary's,38.40477941,0.426470588,-76.73067353,1128,86211
207xx,MD,33,Prince George's County,38.91183671,0.734177215,-76.82874177,1506,801515
208xx,MD,31,Montgomery County,39.10935424,1,-77.16383051,1506,873341
209xx,MD,31,Montgomery County,39.01403889,0.944444444,-77.01875556,1506,873341
210xx,MD,5,Baltimore County,39.36836379,0.310344828,-76.57158276,1231,754292
211xx,MD,5,Baltimore County,39.38600882,0.441176471,-76.64483235,1231,754292
212xx,MD,510,Baltimore (city),39.31369677,0.629032258,-76.61047097,1231,651154
214xx,MD,3,Anne Arundel County,38.991025,1,-76.522975,1231,489656
215xx,MD,1,Allegany,39.58894,0.7,-78.97200333,613,74930
216xx,MD,41,Talbot,38.8612129,0.241935484,-76.05022581,984,33812
217xx,MD,21,Frederick,39.49660909,0.46969697,-77.48035909,1506,195277
218xx,MD,45,Wicomico,38.27059767,0.418604651,-75.61043256,982,84644
219xx,MD,15,Cecil,39.55970588,1,-75.95681176,1075,85951
220xx,VA,59,Fairfax County,38.83099333,0.766666667,-77.2532,1506,969749
221xx,VA,59,Fairfax County,38.78917027,0.756756757,-77.25181081,1506,969749
222xx,VA,13,Arlington,38.87448929,1,-77.09696786,1506,189453
223xx,VA,510,City of Alexandria,38.79660952,0.619047619,-77.08743333,1506,128283
224xx,VA,179,Stafford County,38.12536486,0.162162162,-77.06740811,1506,92446
225xx,VA,103,Lancaster,38.04599778,0.177777778,-77.00492889,805,11567
226xx,VA,69,Frederick,39.02976364,0.303030303,-78.21815455,956,59209
227xx,VA,113,Madison,38.47046486,0.378378378,-78.05721622,719,12520
228xx,VA,165,Rockingham,38.55937742,0.580645161,-78.81823226,830,67725
229xx,VA,3,Albemarle,38.03772245,0.306122449,-78.5732,1086,79236
230xx,VA,115,Mathews,37.5859807,0.157894737,-77.12536842,1064,9207
231xx,VA,73,Gloucester,37.5459623,0.131147541,-77.03582131,1064,34780
232xx,VA,760,City of Richmond,37.53635833,0.604166667,-77.47976667,882,197790
233xx,VA,1,Accomack,37.36971053,0.447368421,-75.9566,718,38305
234xx,VA,1,Accomack,37.23988095,0.365079365,-76.00200159,718,38305
235xx,VA,710,Norfolk (city),36.89677143,1,-76.25842381,1064,234403
236xx,VA,650,Hampton (city),37.10696333,0.4,-76.44094667,1064,146437
237xx,VA,740,Portsmouth (city),36.8442125,1,-76.35065,1064,100565
238xx,VA,25,Brunswick,36.96824576,0.186440678,-77.42678305,571,18419
239xx,VA,37,Charlotte,37.01570263,0.263157895,-78.41458421,569,12472
240xx,VA,770,Roanoke (city),37.19612763,0.473684211,-80.04407105,779,94911
241xx,VA,71,Giles,37.08038462,0.134615385,-80.14725577,541,16657
242xx,VA,105,Lee,36.83984694,0.183673469,-82.47691429,541,23589
243xx,VA,197,Wythe,36.8378525,0.225,-81.1333525,541,27599
244xx,VA,15,Augusta,38.08096383,0.361702128,-79.3577617,659,65615
245xx,VA,143,Pittsylvania,37.14793125,0.15625,-79.12950156,632,61745
246xx,VA,185,Tazewell,37.20165758,0.515151515,-81.79268485,541,44598
247xx,WV,55,Mercer,37.39605789,0.842105263,-81.2104,543,62980
248xx,WV,47,McDowell,37.46700702,0.631578947,-81.63623684,499,27329
249xx,WV,25,Greenbrier,37.84711667,0.388888889,-80.42771667,548,34453
250xx,WV,39,Kanawha,38.20074808,0.307692308,-81.48692115,649,200073
251xx,WV,39,Kanawha,38.22658462,0.25,-81.51569231,649,200073
252xx,WV,35,Jackson,38.61439,0.275,-81.5609775,530,28000
253xx,WV,39,Kanawha,38.34204255,1,-81.61852979,649,200073
254xx,WV,3,Berkeley County,39.40235517,0.413793103,-78.03887931,807,75905
255xx,WV,43,Lincoln,38.29116744,0.325581395,-82.17073953,649,22108
256xx,WV,45,Logan,37.76263617,0.510638298,-82.04535532,499,37710
257xx,WV,11,Cabell,38.41474,0.975,-82.34175,624,96784
258xx,WV,81,Raleigh,37.79196596,0.468085106,-81.21941915,562,79220
259xx,WV,81,Raleigh,37.783275,0.325,-81.0703175,562,79220
260xx,WV,51,Marshall,40.17166667,0.333333333,-80.6265875,584,35519
261xx,WV,107,Wood,39.22238158,0.421052632,-81.29455789,629,87986
262xx,WV,83,Randolph,38.76786481,0.388888889,-80.05833148,499,28262
263xx,WV,33,Harrison,39.19835152,0.303030303,-80.5193697,610,68652
264xx,WV,33,Harrison,39.25780667,0.3,-80.40165,610,68652
265xx,WV,49,Marion,39.5729413,0.391304348,-80.10867826,603,56598
266xx,WV,67,Nicholas,38.4608931,0.517241379,-80.80632414,499,26562
267xx,WV,27,Hampshire,39.35911304,0.347826087,-78.96312174,956,20203
268xx,WV,71,Pendleton,38.94777083,0.333333333,-79.0157375,499,8196
270xx,NC,67,Forsyth,36.254005,0.275,-80.3968075,662,306067
271xx,NC,67,Forsyth,36.065508,1,-80.241,662,306067
272xx,NC,81,Guilford County,35.89082593,0.222222222,-79.6896537,703,421048
273xx,NC,81,Guilford County,35.94230238,0.166666667,-79.64132619,703,421048
274xx,NC,81,Guilford County,36.0786,1,-79.80356071,703,421048
275xx,NC,183,Wake,35.87723125,0.25,-78.570305,884,627846
276xx,NC,183,Wake,35.80879773,1,-78.63363409,884,627846
277xx,NC,63,Durham,36.02049375,1,-78.89093125,831,223314
278xx,NC,131,Northampton,35.9070043,0.139784946,-77.43456989,624,22086
279xx,NC,53,Currituck,36.10359016,0.245901639,-76.19274426,1064,18190
280xx,NC,71,Gaston County,35.36891356,0.237288136,-81.01635763,825,190365
281xx,NC,159,Rowan,35.291762,0.14,-80.77044,724,130340
282xx,NC,119,Mecklenburg County,35.22921486,0.986486486,-80.82322162,825,695454
283xx,NC,51,Cumberland County,34.98517209,0.244186047,-78.98998837,744,302963
284xx,NC,129,New Hanover,34.29146984,0.238095238,-78.20202698,856,160307
285xx,NC,31,Carteret,35.00643662,0.23943662,-77.1173493,758,59383
286xx,NC,193,Wilkes,36.06850556,0.155555556,-81.37124778,584,65632
287xx,NC,89,Henderson,35.44388391,0.195402299,-82.6839931,761,89173
288xx,NC,21,Buncombe County,35.60043636,1,-82.54426364,761,206330
289xx,NC,39,Cherokee,35.07664286,0.571428571,-83.94504286,585,24298
290xx,SC,63,Lexington,33.96644151,0.169811321,-80.81829811,809,216014
291xx,SC,75,Orangeburg,33.89073585,0.20754717,-80.88135283,586,91582
292xx,SC,79,Richland,34.01488824,0.941176471,-81.00374412,809,320677
293xx,SC,83,Spartanburg,34.85876604,0.716981132,-81.90291698,657,253791
294xx,SC,19,Charleston,32.96410833,0.472222222,-80.09676667,922,309969
295xx,SC,51,Horry,34.06307576,0.303030303,-79.4082197,849,196629
296xx,SC,45,Greenville,34.67904886,0.363636364,-82.56751705,673,379616
297xx,SC,91,York,34.88366563,0.5,-80.94650937,825,164614
298xx,SC,3,Aiken,33.52399773,0.477272727,-81.76273636,680,142552
299xx,SC,13,Beaufort,32.54121795,0.487179487,-80.90029231,932,120937
300xx,GA,135,Gwinnett County,33.87865955,0.303370787,-84.1833427,893,588448
301xx,GA,115,Floyd,34.02228831,0.155844156,-84.86703896,699,90565
302xx,GA,63,Clayton,33.3281,0.2,-84.47469077,893,236517
303xx,GA,121,Fulton County,33.809052,0.813333333,-84.386804,893,816006
304xx,GA,31,Bulloch,32.41372449,0.142857143,-82.12332857,585,55983
305xx,GA,139,Hall,34.51686,0.171428571,-83.71832,820,139277
306xx,GA,59,Clarke,33.88898654,0.211538462,-83.26915,764,101489
307xx,GA,313,Whitfield County,34.76170833,0.222222222,-85.09056667,643,83525
308xx,GA,163,Jefferson,33.343456,0.16,-82.358596,536,17266
309xx,GA,245,Richmond,33.43296154,0.923076923,-82.07514615,680,199775
310xx,GA,153,Houston,32.59656196,0.119565217,-83.45854565,774,110765
311xx,GA,121,Fulton County,33.85005625,0.75,-84.36849375,893,816006
312xx,GA,21,Bibb,32.81893,1,-83.6651,698,153887
313xx,GA,179,Liberty,31.91482963,0.333333333,-81.42026667,690,61610
314xx,GA,51,Chatham,32.02562105,1,-81.0998,862,232048
315xx,GA,127,Glynn,31.34132115,0.153846154,-82.13002115,756,67568
316xx,GA,185,Lowndes,30.98653939,0.333333333,-83.20573636,683,92115
317xx,GA,71,Colquitt County,31.45943651,0.142857143,-83.86965714,536,42053
318xx,GA,145,Harris,32.51752593,0.259259259,-84.72149259,726,23695
319xx,GA,215,Muscogee,32.4841625,1,-84.93118125,726,186291
320xx,FL,19,Clay County,30.16428793,0.172413793,-82.12442241,943,140814
321xx,FL,127,Volusia County,29.30752174,0.434782609,-81.42898261,899,443343
322xx,FL,31,Duval,30.30710385,0.961538462,-81.63159423,943,778879
323xx,FL,73,Leon,30.34415667,0.35,-84.27163333,859,239452
324xx,FL,5,Bay,30.48620741,0.351851852,-85.57262593,867,148217
325xx,FL,33,Escambia,30.53164,0.466666667,-86.99153167,788,294410
326xx,FL,1,Alachua,29.59426364,0.563636364,-82.45591091,863,217955
327xx,FL,117,Seminole,28.77848784,0.337837838,-81.31017703,996,365196
328xx,FL,95,Orange County,28.51778475,0.966101695,-81.3074661,996,896344
329xx,FL,9,Brevard,28.02651481,0.703703704,-80.59136296,888,476230
330xx,FL,11,Broward County,25.76190274,0.520547945,-80.42130411,1187,1623018
331xx,FL,86,Miami-Dade County,25.77135976,0.987804878,-80.26032683,1201,2253362
332xx,FL,86,Miami-Dade County,25.77429091,1,-80.19903636,1201,2253362
333xx,FL,11,Broward County,26.126904,1,-80.220254,1187,1623018
334xx,FL,99,Palm Beach County,26.61078659,0.914634146,-80.17216341,1138,1131184
335xx,FL,57,Hillsborough County,28.09423898,0.610169492,-82.2697678,972,998948
336xx,FL,57,Hillsborough County,27.94257069,1,-82.4621569,972,998948
337xx,FL,103,Pinellas,27.86606935,1,-82.72933387,972,921482
338xx,FL,105,Polk County,27.89355362,0.782608696,-81.70479855,819,483924
339xx,FL,71,Lee County,26.68915606,0.621212121,-81.89564697,958,440888
340xx,AA,33,Dillon,33.0364,1,-82.2493,,
341xx,FL,21,Collier County,26.15464333,0.866666667,-81.65900667,1099,251377
342xx,FL,115,Sarasota County,27.31178529,0.485294118,-82.42246029,995,325957
344xx,FL,83,Marion,29.01691957,0.5,-82.31552826,773,258916
346xx,FL,101,Pasco County,28.3075766,0.425531915,-82.60682979,972,344765
347xx,FL,69,Lake County,28.49576279,0.418604651,-81.60719302,996,210528
349xx,FL,111,St. Lucie,27.30260625,0.59375,-80.38779375,977,192695
350xx,AL,73,Jefferson,33.57307937,0.26984127,-86.70226508,813,662047
351xx,AL,73,Jefferson,33.495066,0.28,-86.631862,813,662047
352xx,AL,73,Jefferson,33.5164,0.983606557,-86.84446393,813,662047
354xx,AL,125,Tuscaloosa,33.13714,0.6,-87.72677556,796,164875
355xx,AL,127,Walker,33.96778182,0.318181818,-87.64248182,599,70713
356xx,AL,77,Lauderdale,34.70217045,0.25,-87.29851136,623,87966
357xx,AL,71,Jackson,34.73783143,0.457142857,-86.35424,508,53926
358xx,AL,89,Madison,34.72451667,1,-86.57876667,712,276700
359xx,AL,49,DeKalb,34.28079024,0.341463415,-85.94935854,520,64452
360xx,AL,51,Elmore,32.15363939,0.151515152,-86.13845455,781,65874
361xx,AL,101,Montgomery,32.30259091,1,-86.24452424,781,223510
362xx,AL,15,Calhoun,33.580475,0.5,-85.70738333,676,112249
363xx,AL,69,Houston,31.28941538,0.307692308,-85.54731026,618,88787
364xx,AL,99,Monroe,31.40588158,0.342105263,-87.06390526,499,24324
365xx,AL,3,Baldwin,30.86027231,0.4,-87.94179385,752,140415
366xx,AL,97,Mobile County,30.68332,1,-88.12323714,771,399843
367xx,AL,131,Wilcox,32.31833696,0.239130435,-87.37819783,499,13183
368xx,AL,81,Lee,32.57209697,0.393939394,-85.32803333,748,115092
369xx,AL,23,Choctaw,32.13013846,0.769230769,-88.23185385,656,15922
370xx,TN,187,Williamson,36.12158571,0.12987013,-86.84748052,842,126638
371xx,TN,149,Rutherford,36.0599386,0.175438596,-86.70972632,842,182023
372xx,TN,37,Davidson,36.16645641,1,-86.78566154,842,569891
373xx,TN,65,Hamilton,35.26852414,0.149425287,-85.34277241,680,307896
374xx,TN,65,Hamilton,35.04139,1,-85.283515,680,307896
375xx,TN,157,Shelby County,35.15945,1,-90.01955,772,897472
376xx,TN,163,Sullivan,36.38267381,0.30952381,-82.35639286,597,153048
377xx,TN,25,Claiborne,36.16148868,0.113207547,-83.87197925,506,29862
378xx,TN,9,Blount,36.10356269,0.119402985,-83.77806119,704,105823
379xx,TN,93,Knox County,35.97165161,1,-83.96454839,704,382032
380xx,TN,157,Shelby County,35.48597833,0.216666667,-89.47592,772,897472
381xx,TN,157,Shelby County,35.15820484,1,-89.96181452,772,897472
382xx,TN,131,Obion,36.2833125,0.28125,-88.73624062,523,32450
383xx,TN,113,Madison,35.60766389,0.180555556,-88.56220278,726,91837
384xx,TN,99,Lawrence,35.29724,0.257142857,-87.29671714,511,39926
385xx,TN,141,Putnam,36.18713265,0.204081633,-85.41763061,561,62315
386xx,MS,33,DeSoto,34.59233594,0.140625,-89.82971719,772,107199
387xx,MS,11,Bolivar,33.56748696,0.347826087,-90.81435,689,40633
388xx,MS,81,Lee,34.309,0.24,-88.659982,629,75755
389xx,MS,135,Tallahatchie,33.77428444,0.222222222,-89.94918,535,14903
390xx,MS,49,Hinds,32.44887907,0.11627907,-90.15640233,784,250800
391xx,MS,121,Rankin,32.36364737,0.105263158,-90.24644035,784,115327
392xx,MS,49,Hinds,32.29427027,0.783783784,-90.17368919,784,250800
393xx,MS,75,Lauderdale,32.37353721,0.302325581,-88.81626977,676,78161
394xx,MS,67,Jones,31.32953333,0.2,-89.30247111,670,64958
395xx,MS,47,Harrison,30.44185854,0.390243902,-89.00504878,884,189601
396xx,MS,113,Pike,31.35106667,0.233333333,-90.54332,648,38940
397xx,MS,87,Lowndes,33.52942857,0.285714286,-88.83155143,634,61586
398xx,GA,61,Clay County,31.30848824,0.205882353,-84.64782647,585,3357
399xx,GA,89,DeKalb,33.8913,1,-84.0746,893,665865
400xx,KY,103,Henry,38.12458519,0.203703704,-85.32901667,701,15060
401xx,KY,27,Breckinridge,37.86661143,0.371428571,-86.14516857,491,18648
402xx,KY,111,Jefferson,38.20844848,1,-85.69630606,701,693604
403xx,KY,11,Bath,38.06160213,0.106382979,-84.18125957,491,11085
404xx,KY,21,Boyle,37.51633939,0.181818182,-84.42687273,598,27697
405xx,KY,67,Fayette County,38.02957949,1,-84.4849359,707,260512
406xx,KY,73,Franklin,38.22605556,1,-84.8739,640,47687
407xx,KY,125,Laurel,36.99273333,0.555555556,-84.07473889,527,52715
408xx,KY,95,Harlan,36.89468378,0.648648649,-83.28194865,491,33202
409xx,KY,121,Knox,36.93308857,0.428571429,-83.70202571,491,31795
410xx,KY,37,Campbell,38.77796667,0.166666667,-84.39397121,777,88616
411xx,KY,43,Carter,38.36515938,0.25,-82.949375,516,26889
412xx,KY,115,Johnson,37.86233103,0.620689655,-82.71248621,540,23445
413xx,KY,25,Breathitt,37.56710476,0.333333333,-83.47601905,491,16100
414xx,KY,175,Morgan,37.85371,0.7,-83.17426,491,13948
415xx,KY,195,Pike,37.4492907,0.953488372,-82.36576744,516,68736
416xx,KY,71,Floyd,37.50399118,0.970588235,-82.73752941,527,42441
417xx,KY,193,Perry,37.23896944,0.638888889,-83.22306389,491,29390
418xx,KY,133,Letcher,37.22343939,0.606060606,-82.86042424,491,25277
420xx,KY,83,Graves,36.90371538,0.230769231,-88.58171538,538,37028
421xx,KY,9,Barren,36.88706667,0.272727273,-86.06446364,555,38033
422xx,KY,47,Christian,36.95642222,0.277777778,-86.99259444,711,72265
423xx,KY,177,Muhlenberg,37.49248667,0.288888889,-87.03318,509,31839
424xx,KY,107,Hopkins,37.51314063,0.3125,-87.65677813,531,46519
425xx,KY,199,Pulaski,37.14290588,0.647058824,-84.69529412,546,56217
426xx,KY,147,McCreary,36.78114167,0.583333333,-84.696625,491,17080
427xx,KY,93,Hardin,37.35006316,0.210526316,-85.74831579,606,94174
430xx,OH,89,Licking,40.16421143,0.257142857,-82.92792143,811,145491
431xx,OH,45,Fairfield,39.7017875,0.270833333,-82.89952083,811,122759
432xx,OH,49,Franklin County,39.98981364,1,-82.99134091,811,1068978
433xx,OH,91,Logan,40.53175349,0.325581395,-83.35032791,658,46005
434xx,OH,173,Wood,41.46290909,0.409090909,-83.29436364,707,121065
435xx,OH,69,Henry,41.46166,0.218181818,-84.13325818,649,29210
436xx,OH,95,Lucas,41.67292727,0.96969697,-83.52656364,707,455054
437xx,OH,59,Guernsey,39.85682881,0.237288136,-81.69550847,584,40792
438xx,OH,31,Coshocton,40.26509474,0.526315789,-81.85112632,584,36655
439xx,OH,81,Jefferson,40.21989016,0.37704918,-80.85369672,612,73894
440xx,OH,7,Ashtabula,41.54776615,0.261538462,-81.38893231,640,102728
441xx,OH,35,Cuyahoga,41.49128644,0.983050847,-81.66848983,775,1393978
442xx,OH,153,Summit,41.11514615,0.307692308,-81.58155577,791,542899
443xx,OH,153,Summit,41.08110345,1,-81.53056897,791,542899
444xx,OH,155,Trumbull,41.09402931,0.482758621,-80.74850517,642,225116
445xx,OH,99,Mahoning,41.07757333,1,-80.68031333,642,257555
446xx,OH,151,Stark,40.67094545,0.285714286,-81.46847403,685,378098
447xx,OH,151,Stark,40.8166,1,-81.37956,685,378098
448xx,OH,147,Seneca,41.03065397,0.222222222,-82.76345873,589,58683
449xx,OH,139,Richland,40.76092857,1,-82.51687143,642,128852
450xx,OH,17,Butler,39.39215385,0.538461538,-84.49399487,777,332807
451xx,OH,25,Clermont,39.10706327,0.306122449,-83.92614694,777,177977
452xx,OH,61,Hamilton County,39.17059429,0.971428571,-84.50404714,777,845303
453xx,OH,37,Darke,39.9931725,0.1875,-84.2779275,613,53309
454xx,OH,113,Montgomery,39.74658372,0.953488372,-84.19953953,734,559062
455xx,OH,23,Clark,39.92765,1,-83.8083,701,144742
456xx,OH,145,Scioto,38.93355797,0.217391304,-82.81815362,584,79195
457xx,OH,167,Washington,39.34408269,0.384615385,-81.79939423,629,63251
458xx,OH,137,Putnam,40.82600118,0.164705882,-84.18972588,620,34726
459xx,OH,61,Hamilton County,39.1668,1,-84.5382,777,845303
460xx,IN,95,Madison,40.14664706,0.333333333,-86.03466471,709,133358
461xx,IN,63,Hendricks,39.65441905,0.174603175,-86.16212063,799,104093
462xx,IN,97,Marion County,39.79608361,0.950819672,-86.13739672,799,860454
463xx,IN,89,Lake,41.44036415,0.396226415,-87.16053019,811,484564
464xx,IN,89,Lake,41.56011818,1,-87.33669091,811,484564
465xx,IN,85,Kosciusko,41.45375192,0.269230769,-86.05484423,698,74057
466xx,IN,141,St. Joseph,41.663575,1,-86.2638375,782,265559
467xx,IN,3,Allen,41.17140303,0.166666667,-85.19552121,699,331849
468xx,IN,3,Allen,41.08997674,1,-85.10015581,699,331849
469xx,IN,53,Grant,40.72349167,0.152777778,-86.09899306,628,73403
470xx,IN,137,Ripley,39.1573129,0.35483871,-85.06742258,749,26523
471xx,IN,19,Clark,38.3767,0.363636364,-85.96846,701,96472
472xx,IN,5,Bartholomew,39.06383947,0.263157895,-85.74940526,798,71435
473xx,IN,65,Henry,40.0550873,0.222222222,-85.20921111,634,48508
474xx,IN,105,Monroe,39.04719375,0.3125,-86.67146875,790,120563
475xx,IN,83,Knox,38.41385789,0.210526316,-86.99686842,603,39256
476xx,IN,51,Gibson,38.15109,0.366666667,-87.45536667,650,32500
477xx,IN,163,Vanderburgh,37.99624375,1,-87.57019375,727,171922
478xx,IN,167,Vigo,39.46017222,0.351851852,-87.32172963,671,105848
479xx,IN,157,Tippecanoe,40.42534507,0.23943662,-87.06146056,791,148955
480xx,MI,99,Macomb,42.67359114,0.392405063,-82.92325823,855,788149
481xx,MI,163,Wayne County,42.22082805,0.475609756,-83.50077927,855,2061162
482xx,MI,163,Wayne County,42.34409649,0.964912281,-83.10191404,855,2061162
483xx,MI,125,Oakland County,42.62706471,0.838235294,-83.31940294,855,1194156
484xx,MI,151,Sanilac,43.24337667,0.283333333,-83.286895,642,44547
485xx,MI,49,Genesee County,43.01117,1,-83.706425,687,436141
486xx,MI,145,Saginaw,43.80569,0.283333333,-84.281845,692,210039
487xx,MI,157,Tuscola,43.91890556,0.240740741,-83.57431111,604,58266
488xx,MI,57,Gratiot,43.03046932,0.147727273,-84.68581477,641,42285
489xx,MI,65,Ingham County,42.72389091,0.909090909,-84.57132727,797,279320
490xx,MI,77,Kalamazoo,42.21914783,0.260869565,-85.58569783,728,238603
491xx,MI,21,Berrien,41.88899,0.9,-86.43523,666,162453
492xx,MI,91,Lenawee,42.04605,0.306451613,-84.34445968,678,98890
493xx,MI,81,Kent County,43.20701837,0.346938776,-85.54507143,744,574335
494xx,MI,139,Ottawa County,43.22880351,0.333333333,-86.12607719,743,238314
495xx,MI,81,Kent County,42.973675,0.964285714,-85.61992143,744,574335
496xx,MI,55,Grand Traverse,44.54556,0.171428571,-85.6323,827,77654
497xx,MI,33,Chippewa,45.57157105,0.236842105,-84.54087237,695,38543
498xx,MI,103,Marquette,46.06607647,0.191176471,-87.19722353,645,64634
499xx,MI,61,Houghton,46.73680638,0.361702128,-88.82573404,627,36016
500xx,IA,169,Story,41.70351176,0.117647059,-93.77746912,763,79981
501xx,IA,127,Marshall,41.60452609,0.101449275,-93.46521594,658,39311
502xx,IA,125,Marion,41.67762,0.076923077,-93.55864,705,32052
503xx,IA,153,Polk County,41.64466,1,-93.59828,773,374601
504xx,IA,33,Cerro Gordo,43.1639193,0.192982456,-93.34356842,646,46447
505xx,IA,187,Webster,42.74520133,0.186666667,-94.443784,575,40235
506xx,IA,23,Butler,42.63013286,0.171428571,-92.45343143,534,15305
507xx,IA,13,Black Hawk,42.48222,1,-92.32404,659,128012
508xx,IA,173,Taylor,40.96245714,0.214285714,-94.54724643,534,6958
509xx,IA,153,Polk County,41.6727,1,-93.5722,773,374601
510xx,IA,193,Woodbury,42.59997636,0.272727273,-95.90893636,682,103877
511xx,IA,193,Woodbury,42.48235556,1,-96.38887778,682,103877
512xx,IA,119,Lyon,43.264805,0.4,-96.03086,552,11763
513xx,IA,41,Clay,43.24765652,0.347826087,-95.1313087,535,17372
514xx,IA,27,Carroll,42.09300312,0.34375,-95.06786875,548,21421
515xx,IA,155,Pottawattamie,41.45112982,0.333333333,-95.55585614,791,87704
516xx,IA,145,Page,40.7302,0.523809524,-95.3593619,555,16976
520xx,IA,61,Dubuque,42.47897174,0.391304348,-90.95021304,634,89143
521xx,IA,65,Fayette,43.15509091,0.272727273,-91.72757273,534,22008
522xx,IA,113,Linn,41.888252,0.18,-91.746828,689,191701
523xx,IA,11,Benton,41.90332453,0.169811321,-91.73118491,570,25308
524xx,IA,113,Linn,42.03737857,1,-91.63588571,689,191701
525xx,IA,7,Appanoose,40.969414,0.18,-92.42809,534,13721
526xx,IA,111,Lee,40.87247222,0.305555556,-91.44990833,592,38052
527xx,IA,45,Clinton County,41.66144468,0.340425532,-90.73785745,578,50149
528xx,IA,163,Scott,41.56537778,1,-90.5916,697,158668
530xx,WI,133,Waukesha,43.45437229,0.192771084,-88.21148072,840,360767
531xx,WI,59,Kenosha,42.73819394,0.287878788,-88.22378939,907,149577
532xx,WI,79,Milwaukee,43.04622791,1,-87.94900465,840,940164
534xx,WI,101,Racine,42.730975,1,-87.7769875,773,188831
535xx,WI,25,Dane County,42.94456207,0.252873563,-89.60495172,906,426526
537xx,WI,25,Dane County,43.0724,1,-89.40232571,906,426526
538xx,WI,43,Grant,42.81843182,0.863636364,-90.74826818,584,49597
539xx,WI,21,Columbia,43.61234118,0.254901961,-89.52474706,737,52468
540xx,WI,109,St. Croix,45.06617692,0.461538462,-92.50196538,960,63155
541xx,WI,75,Marinette,44.86240893,0.232142857,-88.24057321,584,43384
542xx,WI,71,Manitowoc,44.54821667,0.433333333,-87.56475,617,82887
543xx,WI,9,Brown,44.49296667,1,-88.02589167,728,226778
544xx,WI,73,Marathon,44.86958953,0.220930233,-89.7963186,679,125834
545xx,WI,125,Vilas,45.9058383,0.234042553,-89.87797021,611,21033
546xx,WI,123,Vernon,43.85864407,0.203389831,-90.91339492,607,28056
547xx,WI,33,Dunn,44.83209818,0.218181818,-91.59207818,666,39858
548xx,WI,31,Douglas,46.02590758,0.166666667,-91.63410455,738,43287
549xx,WI,139,Winnebago,44.20828788,0.242424242,-88.82578485,683,156763
550xx,MN,163,Washington,45.04931216,0.189189189,-93.0203527,960,201130
551xx,MN,123,Ramsey County,44.95755814,0.720930233,-93.10342093,960,511035
553xx,MN,53,Hennepin County,44.98363011,0.258064516,-93.87128817,960,1116200
554xx,MN,53,Hennepin County,44.98237681,0.898550725,-93.2961,960,1116200
555xx,MN,53,Hennepin County,44.96398462,0.653846154,-93.59901538,960,1116200
556xx,MN,75,Lake,47.49002308,0.461538462,-91.00755385,754,11058
557xx,MN,137,St. Louis,47.178308,0.506666667,-92.78253467,738,200528
558xx,MN,137,St. Louis,46.7864,1,-92.12655714,738,200528
559xx,MN,99,Mower,43.90488493,0.191780822,-92.29260411,629,38603
560xx,MN,13,Blue Earth,43.99802297,0.162162162,-93.9711973,697,55941
561xx,MN,105,Nobles,43.89887424,0.166666667,-95.66002273,593,20832
562xx,MN,67,Kandiyohi,45.02255135,0.148648649,-95.65687162,610,41203
563xx,MN,145,Stearns,45.75181928,0.397590361,-94.60312289,715,133166
564xx,MN,35,Crow Wing,46.57215349,0.348837209,-94.50179535,666,55099
565xx,MN,111,Otter Tail,46.83874737,0.236842105,-96.12183421,583,57159
566xx,MN,7,Beltrami,47.84227547,0.264150943,-94.43474151,670,39650
567xx,MN,89,Marshall,48.42812619,0.261904762,-96.33752143,602,10155
569xx,DC,1,District of Columbia,38.89518333,1,-77.03648333,1506,572059
570xx,SD,99,Minnehaha County,43.48821884,0.15942029,-97.00875217,709,148281
571xx,SD,99,Minnehaha County,43.58998667,1,-96.75067333,709,148281
572xx,SD,109,Roberts,45.03424464,0.160714286,-97.11330357,538,10016
573xx,SD,5,Beadle,43.80361129,0.129032258,-98.40083548,569,17023
574xx,SD,13,Brown,45.352028,0.28,-98.73499,558,35460
575xx,SD,121,Todd,43.74766977,0.11627907,-100.4238721,528,9050
576xx,SD,31,Corson,45.53503125,0.3125,-101.3706125,528,4181
577xx,SD,103,Pennington,44.09747241,0.24137931,-103.0902586,701,88565
580xx,ND,17,Cass,46.67771167,0.35,-97.305165,657,123138
581xx,ND,17,Cass,46.86976923,1,-96.80190769,657,123138
582xx,ND,35,Grand Forks,48.21183115,0.31147541,-97.60596885,676,66109
583xx,ND,5,Benson,48.364164,0.22,-99.196492,611,6964
584xx,ND,93,Stutsman,46.95236129,0.225806452,-99.01780484,720,21908
585xx,ND,15,Burleigh,46.7865125,0.25,-100.9044333,592,69416
586xx,ND,89,Stark,46.77334375,0.25,-102.9043281,747,22636
587xx,ND,101,Ward,48.358575,0.265625,-101.5640484,724,58795
588xx,ND,105,Williams,48.24741875,0.5625,-103.5038813,644,19761
590xx,MT,3,Big Horn,45.82030533,0.133333333,-108.668136,574,12671
591xx,MT,111,Yellowstone,45.79683571,1,-108.5159857,749,129352
592xx,MT,105,Valley,48.32244146,0.268292683,-105.3015439,574,7675
593xx,MT,87,Rosebud,46.3066129,0.161290323,-105.3849097,574,9383
594xx,MT,13,Cascade,47.73663125,0.28125,-111.2191734,647,80357
595xx,MT,5,Blaine,48.49405217,0.304347826,-109.4214478,574,7009
596xx,MT,49,Lewis and Clark,46.54980833,0.583333333,-111.9204042,667,55716
597xx,MT,31,Gallatin,45.68811429,0.265306122,-112.1426816,750,67831
598xx,MT,63,Missoula,47.01418679,0.301886792,-114.268666,798,95802
599xx,MT,29,Flathead,48.3167,0.6,-114.4560833,690,74471
600xx,IL,31,Cook County,42.22202805,0.414634146,-87.99671585,1030,5376741
601xx,IL,43,DuPage County,41.96890112,0.314606742,-88.21462472,1030,904161
602xx,IL,31,Cook County,42.04711667,1,-87.69206667,1030,5376741
603xx,IL,31,Cook County,41.89803333,0.833333333,-87.81898333,1030,5376741
604xx,IL,31,Cook County,41.52503415,0.5,-87.91245366,1030,5376741
605xx,IL,43,DuPage County,41.73526615,0.338461538,-88.28569538,1030,904161
606xx,IL,31,Cook County,41.85614458,1,-87.67881928,1030,5376741
607xx,IL,31,Cook County,41.94772,1,-87.77386,1030,5376741
608xx,IL,31,Cook County,41.720375,1,-87.7071,1030,5376741
609xx,IL,75,Iroquois,40.82392105,0.421052632,-87.9295614,629,31334
610xx,IL,141,Ogle,42.20525303,0.227272727,-89.5247,680,51032
611xx,IL,201,Winnebago,42.29720526,1,-89.09684211,773,278418
612xx,IL,161,Rock Island,41.4937,0.446808511,-90.35705106,697,149374
613xx,IL,11,Bureau,41.34094516,0.387096774,-89.20908226,615,35503
614xx,IL,95,Knox,40.83923562,0.219178082,-90.41320411,598,55836
615xx,IL,143,Peoria,40.68684583,0.270833333,-89.6969625,738,183433
616xx,IL,143,Peoria,40.72229697,0.939393939,-89.63697879,738,183433
617xx,IL,113,McLean,40.50214167,0.533333333,-88.922735,783,150433
618xx,IL,19,Champaign,40.10364032,0.516129032,-88.12551774,839,179669
619xx,IL,41,Douglas,39.67826,0.3,-88.21669,608,19922
620xx,IL,119,Madison,39.05566923,0.307692308,-89.99872436,838,258941
622xx,IL,163,St. Clair,38.43693544,0.35443038,-89.79427468,838,256082
623xx,IL,1,Adams,40.03196481,0.314814815,-91.05723333,598,68277
624xx,IL,49,Effingham,39.05045574,0.163934426,-88.21045246,584,34264
625xx,IL,115,Macon,39.70751698,0.320754717,-89.21504151,681,114706
626xx,IL,137,Morgan,39.82451452,0.177419355,-89.99255645,604,36616
627xx,IL,167,Sangamon County,39.77561143,1,-89.61895714,737,188951
628xx,IL,55,Franklin,38.30575889,0.155555556,-88.67603222,584,39018
629xx,IL,77,Jackson,37.55325904,0.192771084,-88.98697711,664,59612
630xx,MO,189,St. Louis,38.44803077,0.338461538,-90.66024923,838,1016315
631xx,MO,510,St. Louis (city),38.64065,0.558823529,-90.28698088,838,348189
633xx,MO,183,Saint Charles County,38.94617451,0.333333333,-91.00834902,838,283883
634xx,MO,205,Shelby,39.97194524,0.19047619,-91.78054048,555,6799
635xx,MO,121,Macon,40.19913636,0.242424242,-92.59073939,564,15762
636xx,MO,187,St. Francois,37.65288108,0.216216216,-90.62404054,603,55641
637xx,MO,31,Cape Girardeau,37.3252119,0.357142857,-89.76296667,627,68693
638xx,MO,143,New Madrid,36.49804894,0.276595745,-89.78616809,555,19760
639xx,MO,223,Wayne,36.83408438,0.3125,-90.52263438,555,13259
640xx,MO,95,Jackson,39.08901618,0.397058824,-94.22137794,805,654880
641xx,MO,95,Jackson,39.11853944,0.661971831,-94.568,805,654880
644xx,MO,147,Nodaway,40.10969714,0.214285714,-94.68562429,555,21912
645xx,MO,21,Buchanan,39.749525,0.875,-94.83665,650,85998
646xx,MO,61,Daviess,39.86812182,0.163636364,-93.57100909,555,8016
647xx,MO,217,Vernon,38.09409362,0.234042553,-94.2163383,559,20454
648xx,MO,97,Jasper,36.96247632,0.473684211,-94.36289211,641,104686
649xx,MO,95,Jackson,39.0997,1,-94.5786,805,654880
650xx,MO,151,Osage,38.45771897,0.155172414,-92.27821379,593,13062
651xx,MO,51,Cole,38.56981818,1,-92.18491818,593,71397
652xx,MO,19,Boone,39.18409808,0.307692308,-92.38523846,682,135454
653xx,MO,195,Saline,38.7595375,0.28125,-93.24831563,564,23756
654xx,MO,161,Phelps,37.69093793,0.206896552,-91.81161034,653,39825
655xx,MO,215,Texas,37.63512727,0.242424242,-91.90905152,555,23003
656xx,MO,213,Taney,37.05739733,0.12,-93.122224,662,39703
657xx,MO,153,Ozark,37.05789867,0.12,-93.00942133,555,9542
658xx,MO,77,Greene County,37.215575,1,-93.30260625,650,240391
660xx,KS,91,Johnson,38.91400141,0.14084507,-95.10301127,805,451086
661xx,KS,209,Wyandotte,39.10264375,1,-94.69481875,805,157882
662xx,KS,91,Johnson,38.94537941,1,-94.74294412,805,451086
664xx,KS,117,Marshall,39.38797838,0.162162162,-96.06054324,541,10965
665xx,KS,161,Riley,39.32715682,0.159090909,-96.10826818,719,62843
666xx,KS,177,Shawnee,39.04316667,1,-95.70619667,695,169871
667xx,KS,37,Crawford,37.5981963,0.240740741,-95.08471111,635,38242
668xx,KS,111,Lyon,38.35494722,0.222222222,-96.37658611,607,35935
669xx,KS,201,Washington,39.78157059,0.323529412,-97.70995,540,6483
670xx,KS,173,Sedgwick,37.55515862,0.189655172,-97.5964431,683,452869
671xx,KS,191,Sumner,37.55083571,0.166666667,-97.66973333,588,25946
672xx,KS,173,Sedgwick,37.69005,1,-97.33834706,683,452869
673xx,KS,125,Montgomery,37.19178889,0.37037037,-95.75868889,575,36252
674xx,KS,41,Dickinson,38.93928276,0.137931034,-97.74238276,561,19344
675xx,KS,155,Reno,38.23146545,0.272727273,-98.82831455,628,64790
676xx,KS,167,Russell,39.31822,0.177777778,-99.39788222,540,7370
677xx,KS,193,Thomas,39.34208571,0.178571429,-101.0781893,540,8180
678xx,KS,57,Ford County,37.79764103,0.153846154,-100.6608872,647,32458
679xx,KS,129,Morton,37.13692857,0.428571429,-101.3843143,644,3496
680xx,NE,155,Saunders,41.47158246,0.228070175,-96.41833158,733,19830
681xx,NE,55,Douglas County,41.24583396,0.849056604,-96.00338113,791,463585
683xx,NE,169,Thayer,40.46873714,0.157142857,-96.82900714,623,6055
684xx,NE,109,Lancaster,40.53946429,0.142857143,-96.61436964,712,250291
685xx,NE,109,Lancaster,40.81755517,1,-96.68893103,712,250291
686xx,NE,141,Platte,41.47571628,0.186046512,-97.51063256,644,31662
687xx,NE,27,Cedar,42.39348133,0.12,-97.722644,584,9615
688xx,NE,19,Buffalo,41.14174848,0.196969697,-98.92024242,701,42259
689xx,NE,35,Clay,40.34845263,0.175438596,-98.81451754,584,7039
690xx,NE,63,Frontier,40.33384231,0.192307692,-100.8679692,691,3099
691xx,NE,111,Lincoln,41.27267872,0.191489362,-101.5892745,710,34632
692xx,NE,31,Cherry,42.75062727,0.727272727,-100.6090455,683,6148
693xx,NE,157,Scotts Bluff,42.15959667,0.3,-103.0327633,638,36951
700xx,LA,51,Jefferson Parish,29.884675,0.4375,-90.16316875,995,455466
701xx,LA,71,Orleans,29.9583377,0.918032787,-90.06720328,995,484674
703xx,LA,109,Terrebonne,29.68111316,0.342105263,-90.78036579,739,104503
704xx,LA,103,St. Tammany,30.5679234,0.425531915,-90.20362553,995,191268
705xx,LA,55,Lafayette,30.22654,0.24,-92.12361467,749,190503
706xx,LA,19,Calcasieu,30.38510682,0.477272727,-93.18837273,733,183577
707xx,LA,77,Pointe Coupee,30.50543134,0.208955224,-91.17119104,745,22763
708xx,LA,33,East Baton Rouge Parish,30.47666905,1,-91.10672619,745,412852
710xx,LA,17,Caddo Parish,32.48918571,0.214285714,-93.47869464,766,252161
711xx,LA,17,Caddo Parish,32.55300244,0.853658537,-93.74558049,766,252161
712xx,LA,73,Ouachita Parish,32.55485238,0.26984127,-92.00401905,674,147250
713xx,LA,79,Rapides,31.31681509,0.301886792,-92.01833019,693,126337
714xx,LA,79,Rapides,31.54793529,0.205882353,-92.85643676,693,126337
716xx,AR,69,Jefferson,33.70202,0.175,-91.762775,602,84278
717xx,AR,139,Union,33.50735152,0.303030303,-92.80764242,579,45629
718xx,AR,57,Hempstead,33.67266579,0.210526316,-93.82577105,527,23587
719xx,AR,51,Garland,34.39211818,0.25,-93.52552045,652,88068
720xx,AR,145,White,34.95938765,0.12345679,-91.98762099,561,67165
721xx,AR,119,Pulaski,34.90009853,0.25,-92.09890882,713,361474
722xx,AR,119,Pulaski,34.759975,0.958333333,-92.34704167,713,361474
723xx,AR,93,Mississippi,35.11364,0.230769231,-90.52336769,559,51979
724xx,AR,31,Craighead,36.03776615,0.215384615,-90.74059846,595,82148
725xx,AR,63,Independence,36.00054237,0.254237288,-91.78638814,589,34233
726xx,AR,5,Baxter,36.16678148,0.185185185,-92.86436296,601,38386
727xx,AR,143,Washington,36.16908627,0.431372549,-94.16282941,679,157715
728xx,AR,149,Yell,35.28127895,0.289473684,-93.38570263,517,21139
729xx,AR,131,Sebastian,35.34178605,0.465116279,-94.23595116,590,115071
730xx,OK,109,Oklahoma County,35.30701111,0.177777778,-97.73751,733,660448
731xx,OK,109,Oklahoma County,35.495316,0.933333333,-97.488272,733,660448
733xx,TX,453,Travis County,30.3264,1,-97.7713,989,812280
734xx,OK,19,Carter,34.23370571,0.371428571,-97.17100571,587,45621
735xx,OK,31,Comanche,34.52518545,0.290909091,-98.72268545,672,114996
736xx,OK,149,Washita,35.50355294,0.235294118,-99.28331765,524,11508
737xx,OK,47,Garfield,36.38181765,0.31372549,-98.11519608,598,57813
738xx,OK,153,Woodward,36.462795,0.3,-99.473075,567,18486
739xx,OK,139,Texas,36.74842,0.466666667,-101.51464,597,20107
739xx,TX,421,Sherman,36.5055,1,-101.7829,671,3186
740xx,OK,37,Creek,36.255948,0.173333333,-96.180476,767,67367
741xx,OK,143,Tulsa,36.13843846,0.961538462,-95.97003462,767,563299
743xx,OK,97,Mayes,36.5426,0.352941176,-94.96918824,548,38369
744xx,OK,101,Muskogee County,35.64621429,0.306122449,-95.44041633,576,69451
745xx,OK,121,Pittsburg,34.66768372,0.302325581,-95.69307209,634,43953
746xx,OK,71,Kay,36.69426842,0.473684211,-97.15303684,631,48080
747xx,OK,89,McCurtain,34.01344722,0.388888889,-95.58485833,533,34402
748xx,OK,125,Pottawatomie,35.173086,0.22,-96.69222,605,65521
749xx,OK,79,Le Flore,35.21208438,0.5,-94.69786563,524,48109
750xx,TX,113,Dallas County,33.03690988,0.49382716,-96.78386667,930,2218899
751xx,TX,113,Dallas County,32.5545129,0.306451613,-96.47084032,930,2218899
752xx,TX,113,Dallas County,32.80070909,1,-96.79299091,930,2218899
753xx,TX,113,Dallas County,32.76798974,1,-96.77728205,930,2218899
754xx,TX,147,Fannin,33.3607631,0.178571429,-95.80726786,728,31242
755xx,TX,37,Bowie,33.27757143,0.464285714,-94.33684286,662,89306
756xx,TX,183,Gregg,32.45947895,0.263157895,-94.63635614,703,111379
757xx,TX,423,Smith,32.25326383,0.468085106,-95.33132766,816,174706
758xx,TX,1,Anderson,31.50530909,0.333333333,-95.69870303,714,55109
759xx,TX,347,Nacogdoches,31.301,0.22,-94.389974,792,59203
760xx,TX,439,Tarrant County,32.66920563,0.492957746,-97.34329577,863,1446219
761xx,TX,439,Tarrant County,32.76506102,1,-97.31255085,863,1446219
762xx,TX,121,Denton,33.40562609,0.391304348,-97.27844565,930,432976
763xx,TX,485,Wichita,33.80377813,0.40625,-98.74660625,756,131664
764xx,TX,133,Eastland,32.52525472,0.150943396,-98.46038113,645,18297
765xx,TX,27,Bell,31.09020364,0.418181818,-97.54650364,725,237974
766xx,TX,217,Hill,31.75256379,0.24137931,-97.03826034,699,32321
767xx,TX,309,McLennan,31.55162353,1,-97.16676471,797,213517
768xx,TX,49,Brown,31.33185849,0.150943396,-99.32602264,707,37674
769xx,TX,451,Tom Green,31.41887037,0.555555556,-100.5731444,783,104010
770xx,TX,201,Harris,29.77592653,1,-95.4142949,937,3400578
772xx,TX,201,Harris,29.82580875,1,-95.42584,937,3400578
773xx,TX,339,Montgomery,30.34890411,0.342465753,-95.34141781,937,293768
774xx,TX,157,Fort Bend,29.48038313,0.253012048,-95.93872289,937,354452
775xx,TX,201,Harris,29.58236761,0.295774648,-95.04380845,937,3400578
776xx,TX,245,Jefferson,30.09026944,0.305555556,-94.12775278,746,252051
777xx,TX,245,Jefferson,30.09015385,1,-94.14426923,746,252051
778xx,TX,41,Brazos,30.66826809,0.340425532,-96.33504468,788,152415
779xx,TX,469,Victoria,28.89592105,0.289473684,-96.92448947,768,84088
780xx,TX,13,Atascosa,28.95635593,0.152542373,-98.88065085,700,38628
781xx,TX,255,Karnes,29.20009348,0.173913043,-97.99227609,584,15446
782xx,TX,29,Bexar,29.46377529,0.988235294,-98.49907412,810,1392931
783xx,TX,409,San Patricio,27.72184286,0.204081633,-97.84106327,885,67138
784xx,TX,355,Nueces,27.76236,1,-97.43484333,885,313645
785xx,TX,215,Hidalgo County,26.27559118,0.441176471,-98.05233971,669,569463
786xx,TX,491,Williamson County,30.27814933,0.253333333,-97.905972,989,249967
787xx,TX,453,Travis County,30.30896528,0.972222222,-97.76203611,989,812280
788xx,TX,465,Val Verde,29.26084444,0.194444444,-100.1072833,636,44856
789xx,TX,149,Fayette,29.92484286,0.464285714,-96.81673214,765,21804
790xx,TX,483,Wheeler,35.34378378,0.067567568,-101.5336851,692,5284
791xx,TX,375,Potter,35.25345185,0.777777778,-101.8656556,742,113546
792xx,TX,153,Floyd,34.2724125,0.15625,-100.6685875,584,7771
793xx,TX,219,Hockley,33.50755625,0.166666667,-102.1786167,695,22716
794xx,TX,303,Lubbock,33.57427308,1,-101.8711154,782,242628
795xx,TX,441,Taylor,32.65444286,0.142857143,-100.2010449,757,126555
796xx,TX,441,Taylor,32.44405455,1,-99.74694545,757,126555
797xx,TX,135,Ector,31.72028167,0.216666667,-102.4658667,760,121123
798xx,TX,141,El Paso,30.77333636,0.272727273,-104.7583091,718,679622
799xx,TX,141,El Paso,31.75757778,1,-106.3949349,718,679622
800xx,CO,5,Arapahoe County,39.7950675,0.3,-104.91574,951,487967
801xx,CO,5,Arapahoe County,39.51331364,0.363636364,-104.8370045,951,487967
802xx,CO,31,Denver County,39.74154328,0.820895522,-104.9812866,951,554636
803xx,CO,13,Boulder,40.04407273,1,-105.3119364,1044,269814
804xx,CO,59,Jefferson,39.83165238,0.206349206,-105.9194333,951,525507
805xx,CO,69,Larimer,40.41443095,0.571428571,-105.1302357,793,251494
806xx,CO,123,Weld,40.3255625,0.75,-104.6339938,739,180926
807xx,CO,75,Logan,40.48156364,0.242424242,-103.0861485,643,20504
808xx,CO,41,El Paso County,39.07525366,0.268292683,-103.8781122,808,516929
809xx,CO,41,El Paso County,38.8442283,1,-104.7679302,808,516929
810xx,CO,101,Pueblo,37.91351695,0.288135593,-103.808178,671,141472
811xx,CO,21,Conejos,37.44322188,0.21875,-106.2033781,635,8400
812xx,CO,43,Fremont,38.51401563,0.34375,-106.10915,673,46145
813xx,CO,83,Montezuma,37.42892941,0.470588235,-108.4287882,595,23830
814xx,CO,29,Delta,38.43386923,0.346153846,-108.0100231,732,27834
815xx,CO,77,Mesa,39.06032667,1,-108.60996,725,116255
816xx,CO,37,Eagle,39.69931316,0.263157895,-107.3776053,1328,41659
820xx,WY,21,Laramie,41.286625,0.607142857,-105.0576393,770,81607
821xx,WY,29,Park,44.7957,1,-110.6137,742,25786
822xx,WY,15,Goshen,42.31612,0.45,-104.54364,610,12538
823xx,WY,7,Carbon,41.64637143,0.785714286,-107.1467143,692,15639
824xx,WY,3,Big Horn,44.45353182,0.545454545,-108.3778409,601,11461
825xx,WY,13,Fremont,43.13653,1,-108.77625,719,35804
826xx,WY,25,Natrona,42.98905238,0.666666667,-106.5934048,716,66533
827xx,WY,11,Crook,44.34471111,0.388888889,-104.8373611,584,5887
828xx,WY,33,Sheridan,44.70237143,0.857142857,-106.8439,790,26560
829xx,WY,37,Sweetwater,41.74054762,0.476190476,-109.8655143,915,37613
830xx,WY,39,Teton County,43.61422857,1,-110.7209571,1169,18251
831xx,WY,23,Lincoln,42.53742778,0.888888889,-110.7262278,756,14573
832xx,ID,5,Bannock,42.91211404,0.210526316,-112.3785456,573,75565
833xx,ID,83,Twin Falls,42.82459487,0.230769231,-114.2609462,642,64284
834xx,ID,19,Bonneville,44.01816889,0.244444444,-112.1560867,629,82522
834xx,WY,39,Teton County,43.8886,1,-110.9492,1169,18251
835xx,ID,49,Idaho,46.16695357,0.428571429,-116.3124536,573,15511
836xx,ID,27,Canyon,43.87124483,0.25862069,-116.3283207,722,131441
837xx,ID,1,Ada,43.55211333,1,-116.23161,722,300904
838xx,ID,17,Bonner,47.67869688,0.25,-116.5569484,659,36835
840xx,UT,35,Salt Lake County,40.62977312,0.182795699,-111.4226903,814,898387
841xx,UT,35,Salt Lake County,40.70923091,1,-111.8945836,814,898387
842xx,UT,57,Weber,41.2498,1,-111.9823,770,196533
843xx,UT,5,Cache,41.7116275,0.475,-112.0872975,653,91391
844xx,UT,57,Weber,41.23763636,1,-111.9623364,770,196533
845xx,UT,15,Emery,38.67787037,0.333333333,-110.2743593,584,10860
846xx,UT,39,Sanpete,39.55215957,0.319148936,-111.8646638,619,22763
847xx,UT,53,Washington,37.79046056,0.309859155,-112.7173493,786,90354
850xx,AZ,13,Maricopa County,33.50117848,1,-112.0803886,870,3072149
851xx,AZ,21,Pinal County,33.015872,0.88,-111.5264,870,179727
852xx,AZ,13,Maricopa County,33.43861129,1,-111.8222419,870,3072149
853xx,AZ,13,Maricopa County,33.47085679,0.666666667,-112.8893383,870,3072149
855xx,AZ,7,Gila,33.33259583,0.5,-110.3246792,834,51335
856xx,AZ,3,Cochise,31.83069057,0.509433962,-110.4696566,755,117755
857xx,AZ,19,Pima County,32.2315,1,-110.9438564,860,843746
859xx,AZ,17,Navajo,34.20365385,0.576923077,-109.9042808,726,97470
860xx,AZ,5,Coconino,35.69979459,0.621621622,-111.2109324,950,116320
863xx,AZ,25,Yavapai,34.68833125,0.90625,-112.2876313,843,167517
864xx,AZ,15,Mohave County,35.22103333,0.966666667,-114.1772633,815,155032
865xx,AZ,1,Apache,35.965805,0.9,-109.45341,640,69423
870xx,NM,43,Sandoval County,35.22228448,0.275862069,-106.7680966,744,89908
871xx,NM,1,Bernalillo,35.08585556,0.955555556,-106.6409444,744,556678
873xx,NM,31,McKinley,35.50159167,0.875,-108.5629792,558,74798
874xx,NM,45,San Juan,36.71447333,1,-108.24888,691,113801
875xx,NM,39,Rio Arriba,36.10243944,0.338028169,-105.9177901,677,41190
877xx,NM,33,Mora,36.03190667,0.4,-104.95301,542,5180
878xx,NM,3,Catron,34.05155,0.5,-107.7574417,585,3543
879xx,NM,51,Sierra,32.964475,0.666666667,-107.3015833,591,13270
880xx,NM,13,Doa Ana County,32.43311923,0.461538462,-107.534725,604,174682
881xx,NM,41,Roosevelt,34.19917826,0.434782609,-103.4890043,564,18018
882xx,NM,25,Lea,32.79388214,0.428571429,-103.8952464,611,55511
883xx,NM,35,Otero County,33.25391818,0.484848485,-105.6334788,552,62298
884xx,NM,59,Union,35.65725714,0.380952381,-103.7839333,542,4174
885xx,TX,141,El Paso,31.6948,1,-106.3,718,679622
889xx,NV,3,Clark County,36.1252,1,-114.8959,1024,1375765
890xx,NV,3,Clark County,36.49694918,0.68852459,-115.3048262,1024,1375765
891xx,NV,3,Clark County,36.16120886,1,-115.1848418,1024,1375765
893xx,NV,33,White Pine,39.23464444,0.777777778,-115.2802222,723,9181
894xx,NV,31,Washoe County,39.67240816,0.326530612,-119.0895857,981,339486
895xx,NV,31,Washoe County,39.53615,1,-119.814625,981,339486
897xx,NV,510,Carson City (city),39.16549091,0.818181818,-119.7764364,892,52457
898xx,NV,7,Elko,41.07103333,0.888888889,-115.5440389,753,45291
900xx,CA,37,Los Angeles County,34.03373368,1,-118.2840484,1554,9519338
901xx,CA,37,Los Angeles County,34.0515,1,-118.2559,1554,9519338
902xx,CA,37,Los Angeles County,33.93966,1,-118.351272,1554,9519338
903xx,CA,37,Los Angeles County,33.91416667,1,-118.3362917,1554,9519338
904xx,CA,37,Los Angeles County,34.02136364,1,-118.4889364,1554,9519338
905xx,CA,37,Los Angeles County,33.81095,1,-118.31317,1554,9519338
906xx,CA,37,Los Angeles County,33.92670625,0.6875,-118.0337969,1554,9519338
907xx,CA,37,Los Angeles County,33.79826129,0.838709677,-118.1861258,1554,9519338
908xx,CA,37,Los Angeles County,33.79006786,1,-118.1961464,1554,9519338
910xx,CA,37,Los Angeles County,34.180156,1,-118.12374,1554,9519338
911xx,CA,37,Los Angeles County,34.14673333,1,-118.1393407,1554,9519338
912xx,CA,37,Los Angeles County,34.161725,1,-118.2531375,1554,9519338
913xx,CA,37,Los Angeles County,34.26146714,0.885714286,-118.5757743,1554,9519338
914xx,CA,37,Los Angeles County,34.18026364,1,-118.4564318,1554,9519338
915xx,CA,37,Los Angeles County,34.18060769,1,-118.3132692,1554,9519338
916xx,CA,37,Los Angeles County,34.14509412,1,-118.3771706,1554,9519338
917xx,CA,37,Los Angeles County,34.06551818,0.696969697,-117.8508803,1554,9519338
918xx,CA,37,Los Angeles County,34.09118333,1,-118.1301167,1554,9519338
919xx,CA,73,San Diego County,32.70035,1,-116.86485,1476,2813833
920xx,CA,73,San Diego County,33.0937375,1,-117.1190719,1476,2813833
921xx,CA,73,San Diego County,32.75714,1,-117.1394888,1476,2813833
922xx,CA,65,Riverside County,33.6027,0.508474576,-115.9447932,1149,1545387
923xx,CA,71,San Bernardino County,34.47201081,0.932432432,-117.0035,1149,1709434
924xx,CA,71,San Bernardino County,34.11947333,1,-117.2964467,1149,1709434
925xx,CA,65,Riverside County,33.78476102,1,-117.2039271,1149,1545387
926xx,CA,59,Orange County,33.62957097,1,-117.7928839,1652,2846289
927xx,CA,59,Orange County,33.7363875,1,-117.8649688,1652,2846289
928xx,CA,59,Orange County,33.84156885,0.868852459,-117.8393934,1652,2846289
930xx,CA,111,Ventura County,34.27674048,0.928571429,-119.1070667,1510,753197
931xx,CA,83,Santa Barbara,34.41902381,1,-119.7463571,1519,399347
932xx,CA,107,Tulare County,35.89872917,0.458333333,-119.2128861,784,368021
933xx,CA,29,Kern County,35.33481818,1,-118.9856864,768,661645
934xx,CA,79,San Luis Obispo County,35.19897547,0.660377358,-120.5886962,1258,246681
935xx,CA,29,Kern County,35.52432037,0.351851852,-118.1003667,768,661645
936xx,CA,19,Fresno County,36.84762,0.584615385,-119.7038246,869,799407
937xx,CA,19,Fresno County,36.7545,1,-119.6929836,869,799407
938xx,CA,19,Fresno County,36.7464,1,-119.6397,869,799407
939xx,CA,53,Monterey,36.51555,1,-121.6288,1281,401762
940xx,CA,81,San Mateo,37.47097778,0.688888889,-122.26786,2060,707161
941xx,CA,75,City and County of San Francisco,37.76866471,0.980392157,-122.4244059,2060,776733
942xx,CA,67,Sacramento County,38.5816,1,-121.4944,1021,1223499
943xx,CA,85,Santa Clara,37.43862857,0.857142857,-122.1497143,1739,1682585
944xx,CA,81,San Mateo,37.55044,1,-122.30916,2060,707161
945xx,CA,13,Contra Costa County,37.94035699,0.451612903,-122.0607151,1525,948816
946xx,CA,1,Alameda County,37.80112414,1,-122.2434793,1525,1443741
947xx,CA,1,Alameda County,37.87338333,1,-122.2737167,1525,1443741
948xx,CA,13,Contra Costa County,37.94702,1,-122.3333,1525,948816
949xx,CA,41,Marin,38.07887273,0.745454545,-122.6413273,2060,247289
950xx,CA,85,Santa Clara,37.10659492,0.508474576,-121.8745576,1739,1682585
951xx,CA,85,Santa Clara,37.32067931,1,-121.8750069,1739,1682585
952xx,CA,77,San Joaquin,38.08839412,0.607843137,-120.9986196,957,563598
953xx,CA,99,Stanislaus,37.63393125,0.35,-120.7013675,1016,446997
954xx,CA,97,Sonoma,38.84518182,0.467532468,-123.0371104,1251,458614
955xx,CA,23,Humboldt,40.73360196,0.745098039,-123.9266784,879,126518
956xx,CA,67,Sacramento County,38.63619053,0.273684211,-121.2759337,1021,1223499
957xx,CA,61,Placer,38.8509931,0.379310345,-120.9710897,1021,248399
958xx,CA,67,Sacramento County,38.58296905,1,-121.4436833,1021,1223499
959xx,CA,7,Butte,39.50232208,0.311688312,-121.5199844,968,203171
960xx,CA,89,Shasta,40.86274,0.4125,-122.2678325,917,163256
961xx,CA,35,Lassen,39.89176981,0.245283019,-120.2572208,939,33828
962xx,AP,121,Fulton,33.2116,1,-97.0876,,
963xx,AP,25,Harford,27.23255,0.5,-134.4181,,
965xx,AP,39,Brazoria,41.7206,1,-85.82,,
967xx,HI,1,Hawaii,20.81001149,0.367816092,-157.0463713,1262,148677
968xx,HI,3,Honolulu,21.283284,1,-151.366344,1767,876156
969xx,FM,2,,7.1383,1,151.5031,,
969xx,GU,11,Bingham,39.0176,1,-122.0666,,
969xx,MH,20,Marshall Islands,7.9494,1,169.48675,,
969xx,MP,10,Northern Mariana Islands,20.67616667,0.666666667,63.445,,
969xx,PW,150,,7.2257,1,134.3622,,
970xx,OR,5,Clackamas,45.44466324,0.308823529,-122.2592794,934,338391
971xx,OR,57,Tillamook,45.53424524,0.333333333,-123.5047952,694,24262
972xx,OR,51,Multnomah County,45.5194339,0.813559322,-122.662278,934,660486
973xx,OR,47,Marion County,44.75982055,0.369863014,-123.1792575,781,284834
974xx,OR,39,Lane County,43.55688214,0.44047619,-123.460225,790,322959
975xx,OR,29,Jackson,42.37558846,0.576923077,-123.1055346,847,181269
976xx,OR,35,Klamath,42.42500435,0.652173913,-121.2209174,646,63775
977xx,OR,17,Deschutes,43.85337273,0.333333333,-120.6113879,863,115367
978xx,OR,59,Umatilla,45.20237407,0.240740741,-118.6205944,626,70548
979xx,OR,45,Malheur,43.87604375,0.8125,-117.5453875,590,31615
980xx,WA,33,King County,47.55103239,0.845070423,-122.1580014,1181,1737034
981xx,WA,33,King County,47.60441,0.983333333,-122.3344267,1181,1737034
982xx,WA,61,Snohomish County,48.36117763,0.342105263,-122.3110408,1181,606024
983xx,WA,53,Pierce County,47.44318765,0.419753086,-122.6699988,978,700820
984xx,WA,53,Pierce County,47.21181628,1,-122.4568512,978,700820
985xx,WA,67,Thurston County,46.93460779,0.272727273,-123.2209662,945,207355
986xx,WA,11,Clark,45.91948226,0.370967742,-122.5147919,934,345238
988xx,WA,47,Okanogan,47.85371957,0.347826087,-119.9023196,672,39564
989xx,WA,77,Yakima,46.65962647,0.735294118,-120.5387118,735,222581
990xx,WA,63,Spokane,47.62349688,0.78125,-117.4517875,786,417939
991xx,WA,75,Whitman,47.82060597,0.28358209,-117.9850881,732,40740
992xx,WA,63,Spokane,47.66469643,1,-117.3985429,786,417939
993xx,WA,5,Benton County,46.36027778,0.277777778,-118.9789139,789,142475
994xx,WA,3,Asotin,46.21913333,1,-117.0514333,633,20551
995xx,AK,20,Anchorage Municipality,60.14393043,0.434782609,-154.9400768,1056,260283
996xx,AK,50,Bethel Census Area,60.22683034,0.202247191,-156.6695719,1433,16006
997xx,AK,290,Yukon-Koyukuk (CA),65.71984146,0.280487805,-153.3164976,739,6551
998xx,AK,110,Juneau City and Borough,58.020365,0.4,-134.8624,1206,30711
999xx,AK,201,Prince of Wales-Outer,55.65560769,0.692307692,-132.2387,,
